grna_id,protospacer,editor_system,chrom_hg38,start_hg38,end_hg38,start_hg19,end_hg19,subregion_hg38,subregion_hg19,padj,log2fc,screen_score,n_overlapping_cpg,overlapping_cpg,n_overlapping_genes,overlapping_genes,n_overlapping_atac,overlapping_atac_peaks,has_atac_in_hypothalamic_neuron,has_cpg_island,methylation_cpg_start,methylation_delta_edited_vs_nt,methylation_pct_edited,methylation_dist_bp
PWS_G.3744,CTGAGCTCAGAGCCTTCTGT,dCas9-KRAB,chr15,24752572,24752592,24997719,24997739,outside_pws_critical,pws_critical,7.94e-06,-1.689474213,-1.689474213,0,,0,,0,,False,False,,,,
PWS_G.7331,TGAGCTCAGAGCCTTCTGTG,dCas9-KRAB,chr15,24752573,24752593,24997720,24997740,outside_pws_critical,pws_critical,3.33e-11,-2.781161413,-2.781161413,0,,0,,0,,False,False,,,,
PWS_G.6525,TACGACTGGTTGAAAAGGAG,dCas9-KRAB,chr15,24824127,24824147,25069274,25069294,pws_critical,pws_critical,0.000446996,-2.362854029,-2.362854029,0,,1,SNHG14,0,,False,False,,,,
PWS_G.10533,TACTGATTTTTTCTGCTTGG,dCas9-KRAB,chr15,24830974,24830994,25076121,25076141,pws_critical,pws_critical,0.008662262,1.356729799,1.356729799,0,,1,SNHG14,0,,False,False,,,,
PWS_G.6737,TATACACACTCCTAGTATAA,dCas9-KRAB,chr15,24854149,24854169,25099296,25099316,snrpn_snh14,pws_critical,0.005009246,-1.354093948,-1.354093948,0,,1,SNHG14,0,,False,False,,,,
PWS_G.7522,TGGAAAACACATTCTAGGAC,dCas9-KRAB,chr15,24855465,24855485,25100612,25100632,snrpn_snh14,pws_critical,0.025742146,-1.055374865,-1.055374865,0,,1,SNHG14,0,,False,False,,,,
PWS_G.1119,AGATGTCAACACTCCTCATT,dCas9-KRAB,chr15,24856366,24856386,25101513,25101533,snrpn_snh14,pws_critical,6.46e-06,-1.568882274,-1.568882274,0,,1,SNHG14,0,,False,False,,,,
PWS_G.1011,AGAAGGAGGGAATCCTAATG,dCas9-KRAB,chr15,24856382,24856402,25101529,25101549,snrpn_snh14,pws_critical,0.004907782,-1.547706799,-1.547706799,0,,1,SNHG14,0,,False,False,,,,
PWS_G.6947,TCCCAAAGGCTTCAGAAGGA,dCas9-KRAB,chr15,24856395,24856415,25101542,25101562,snrpn_snh14,pws_critical,0.017609206,-1.392283356,-1.392283356,0,,1,SNHG14,0,,False,False,,,,
PWS_G.1729,ATCCCAAAGGCTTCAGAAGG,dCas9-KRAB,chr15,24856396,24856416,25101543,25101563,snrpn_snh14,pws_critical,0.000146288,-2.280068543,-2.280068543,0,,1,SNHG14,0,,False,False,,,,
PWS_G.28,AAAATCCCAAAGGCTTCAGA,dCas9-KRAB,chr15,24856399,24856419,25101546,25101566,snrpn_snh14,pws_critical,0.000656395,-2.054518803,-2.054518803,0,,1,SNHG14,0,,False,False,,,,
PWS_G.717,ACCCACCCAGCAACCACCAG,dCas9-KRAB,chr15,24856421,24856441,25101568,25101588,snrpn_snh14,pws_critical,4.72e-11,-1.656970321,-1.656970321,0,,1,SNHG14,0,,False,False,,,,
PWS_G.2274,CACCCAGCAACCACCAGAGG,dCas9-KRAB,chr15,24856424,24856444,25101571,25101591,snrpn_snh14,pws_critical,4.58e-07,-1.819574225,-1.819574225,0,,1,SNHG14,0,,False,False,,,,
PWS_G.4868,GCGCAGTTGTACCATGAATG,dCas9-KRAB,chr15,24856479,24856499,25101626,25101646,snrpn_snh14,pws_critical,0.003542136,-1.803020309,-1.803020309,0,,1,SNHG14,0,,False,False,,,,
PWS_G.2149,CAAGAACACTTAACAGCTTC,dCas9-KRAB,chr15,24856686,24856706,25101833,25101853,snrpn_snh14,pws_critical,0.045571822,-1.152278335,-1.152278335,0,,1,SNHG14,0,,False,False,,,,
PWS_G.303,AAGCAAGAATGAATATTACC,dCas9-KRAB,chr15,24856716,24856736,25101863,25101883,snrpn_snh14,pws_critical,0.012568089,-1.272122624,-1.272122624,0,,1,SNHG14,0,,False,False,,,,
PWS_G.942,ACTGTCTCTACATTTAGAAT,dCas9-KRAB,chr15,24857200,24857220,25102347,25102367,snrpn_snh14,pws_critical,0.008698205,-1.105510091,-1.105510091,0,,1,SNHG14,0,,False,False,,,,
PWS_G.137,AAATGTTGTCATCCATATCC,dCas9-KRAB,chr15,24857455,24857475,25102602,25102622,snrpn_snh14,pws_critical,0.020419781,-0.966666876,-0.966666876,0,,1,SNHG14,0,,False,False,,,,
PWS_G.241,AACTATATGCTACCTGGATA,dCas9-KRAB,chr15,24857470,24857490,25102617,25102637,snrpn_snh14,pws_critical,0.009617505,-1.192036154,-1.192036154,0,,1,SNHG14,0,,False,False,,,,
PWS_G.2131,CAACCTTTGACACTCCTCTG,dCas9-KRAB,chr15,24857660,24857680,25102807,25102827,snrpn_snh14,pws_critical,0.00894771,-1.481593062,-1.481593062,0,,1,SNHG14,0,,False,False,,,,
PWS_G.3535,CTACCTCAGAGGAGTGTCAA,dCas9-KRAB,chr15,24857666,24857686,25102813,25102833,snrpn_snh14,pws_critical,4.23e-07,-1.566296524,-1.566296524,0,,1,SNHG14,0,,False,False,,,,
PWS_G.6781,TCACATAAAAACTACCTCAG,dCas9-KRAB,chr15,24857677,24857697,25102824,25102844,snrpn_snh14,pws_critical,0.005395092,-1.271982136,-1.271982136,0,,1,SNHG14,0,,False,False,,,,
PWS_G.9680,CTCAAATCAATCTCCCTGTA,dCas9-KRAB,chr15,24857830,24857850,25102977,25102997,snrpn_snh14,pws_critical,0.001895997,-1.071402307,-1.071402307,0,,1,SNHG14,0,,False,False,,,,
PWS_G.8489,AAACCCCTGATCCCCCTACA,dCas9-KRAB,chr15,24857846,24857866,25102993,25103013,snrpn_snh14,pws_critical,1.09e-08,-1.546050852,-1.546050852,0,,1,SNHG14,0,,False,False,,,,
PWS_G.9827,GAAACCCCTGATCCCCCTAC,dCas9-KRAB,chr15,24857847,24857867,25102994,25103014,snrpn_snh14,pws_critical,8.07e-11,-1.619290234,-1.619290234,0,,1,SNHG14,0,,False,False,,,,
PWS_G.10230,GGGTAGGGGGTCGGAAAGTG,dCas9-KRAB,chr15,24857882,24857902,25103029,25103049,snrpn_snh14,pws_critical,0.004509988,-1.387184211,-1.387184211,0,,1,SNHG14,0,,False,False,,,,
PWS_G.9230,ATTGCAGGCCCTGCTCCCGA,dCas9-KRAB,chr15,24858038,24858058,25103185,25103205,snrpn_snh14,pws_critical,3.88e-05,-1.257910891,-1.257910891,0,,1,SNHG14,0,,False,False,,,,
PWS_G.9681,CTCAAGCACTGACTGAGCTT,dCas9-KRAB,chr15,24858062,24858082,25103209,25103229,snrpn_snh14,pws_critical,0.003183502,-1.194837486,-1.194837486,0,,1,SNHG14,0,,False,False,,,,
PWS_G.11065,TTCCTACAAAGGCATGATGG,dCas9-KRAB,chr15,24858197,24858217,25103344,25103364,snrpn_snh14,pws_critical,0.001796825,-1.38334462,-1.38334462,0,,1,SNHG14,0,,False,False,,,,
PWS_G.10716,TCCTACAAAGGCATGATGGA,dCas9-KRAB,chr15,24858198,24858218,25103345,25103365,snrpn_snh14,pws_critical,0.000908492,-1.204699753,-1.204699753,0,,1,SNHG14,0,,False,False,,,,
PWS_G.9030,AGTTCGCGGGGAATGAACAA,dCas9-KRAB,chr15,24858290,24858310,25103437,25103457,snrpn_snh14,pws_critical,0.00249624,-1.759618307,-1.759618307,0,,1,SNHG14,0,,False,False,,,,
PWS_G.8873,AGACTCTGTGGGGTATGATG,dCas9-KRAB,chr15,24858789,24858809,25103936,25103956,snrpn_snh14,pws_critical,0.038283515,-1.254585897,-1.254585897,0,,1,SNHG14,0,,False,False,,,,
PWS_G.9446,CATGTCCGGGCATGCAACAA,dCas9-KRAB,chr15,24858902,24858922,25104049,25104069,snrpn_snh14,pws_critical,0.041744541,-1.174229702,-1.174229702,0,,1,SNHG14,0,,False,False,,,,
PWS_G.9568,CCTGCTACTGTGGCATGTCC,dCas9-KRAB,chr15,24858915,24858935,25104062,25104082,snrpn_snh14,pws_critical,2.44e-05,-2.048212797,-2.048212797,0,,1,SNHG14,0,,False,False,,,,
PWS_G.8759,ACCAATGGGAAAAGGGTACA,dCas9-KRAB,chr15,24859109,24859129,25104256,25104276,snrpn_snh14,pws_critical,0.012926491,-1.14116155,-1.14116155,0,,1,SNHG14,0,,False,False,,,,
PWS_G.11089,TTGAGTGTTCAATCTCCCTT,dCas9-KRAB,chr15,24859256,24859276,25104403,25104423,snrpn_snh14,pws_critical,0.027684201,-1.10595484,-1.10595484,0,,1,SNHG14,0,,False,False,,,,
PWS_G.6476,TACAGGCCCTAAATCAATCC,dCas9-KRAB,chr15,24859328,24859348,25104475,25104495,snrpn_snh14,pws_critical,0.028780422,-1.020921117,-1.020921117,0,,1,SNHG14,0,,False,False,,,,
PWS_G.8638,AATATCGGCAACCCTCTCTT,dCas9-KRAB,chr15,24859627,24859647,25104774,25104794,snrpn_snh14,pws_critical,0.045688649,-1.107475633,-1.107475633,0,,1,SNHG14,0,,False,False,,,,
PWS_G.9860,GAATATCGGCAACCCTCTCT,dCas9-KRAB,chr15,24859628,24859648,25104775,25104795,snrpn_snh14,pws_critical,0.041398733,-0.871681538,-0.871681538,0,,1,SNHG14,0,,False,False,,,,
PWS_G.6582,TAGCATGGTTGACTATCTGT,dCas9-KRAB,chr15,24888692,24888712,25133839,25133859,snrpn_snh14,pws_critical,0.017179167,-1.446863709,-1.446863709,0,,1,SNHG14,0,,False,False,,,,
PWS_G.9442,CATGCCAAAAAGAGGGAGGT,dCas9-KRAB,chr15,24892778,24892798,25137925,25137945,snrpn_snh14,pws_critical,3.73e-05,-2.031233904,-2.031233904,0,,1,SNHG14,0,,False,False,,,,
PWS_G.8786,ACCTGTGCCCACTGACCCAC,dCas9-KRAB,chr15,24897241,24897261,25142388,25142408,snrpn_snh14,pws_critical,0.004052026,-0.890063772,-0.890063772,0,,1,SNHG14,0,,False,False,,,,
PWS_G.2066,ATTTGGACTGCTAACACCAT,dCas9-KRAB,chr15,24898093,24898113,25143240,25143260,snrpn_snh14,pws_critical,9.33e-10,-1.906343136,-1.906343136,0,,1,SNHG14,0,,False,False,,,,
PWS_G.8177,TTGGACTGCTAACACCATAG,dCas9-KRAB,chr15,24898095,24898115,25143242,25143262,snrpn_snh14,pws_critical,1.89e-08,-2.387832461,-2.387832461,0,,1,SNHG14,0,,False,False,,,,
PWS_G.5955,GTCATTTCATCCGGCCTCAT,dCas9-KRAB,chr15,24898265,24898285,25143412,25143432,snrpn_snh14,pws_critical,0.001142637,-1.412133532,-1.412133532,0,,1,SNHG14,0,,False,False,,,,
PWS_G.1627,ATACTACTTATATGCCAATG,dCas9-KRAB,chr15,24898282,24898302,25143429,25143449,snrpn_snh14,pws_critical,0.006641888,-1.19156562,-1.19156562,0,,1,SNHG14,0,,False,False,,,,
PWS_G.5896,GTATATATTGAAAGTATAAA,dCas9-KRAB,chr15,24898601,24898621,25143748,25143768,snrpn_snh14,pws_critical,0.007388558,-2.171342814,-2.171342814,0,,1,SNHG14,0,,False,False,,,,
PWS_G.6213,GTGTTTTCTGTTGGGGTGAT,dCas9-KRAB,chr15,24898738,24898758,25143885,25143905,snrpn_snh14,pws_critical,0.002529817,-2.229883106,-2.229883106,0,,1,SNHG14,0,,False,False,,,,
PWS_G.10376,GTGGGACTTCATCGCCCCCA,dCas9-KRAB,chr15,24898777,24898797,25143924,25143944,snrpn_snh14,pws_critical,0.006944627,-1.080044877,-1.080044877,0,,1,SNHG14,0,,False,False,,,,
PWS_G.9132,ATGAAGTCCCACGGAGTCAA,dCas9-KRAB,chr15,24898785,24898805,25143932,25143952,snrpn_snh14,pws_critical,0.00032825,-1.916646835,-1.916646835,0,,1,SNHG14,0,,False,False,,,,
PWS_G.8764,ACCAGGGGCCAATGCTAGTA,dCas9-KRAB,chr15,24898841,24898861,25143988,25144008,snrpn_snh14,pws_critical,1.6e-07,-2.25905423,-2.25905423,0,,1,SNHG14,0,,False,False,,,,
PWS_G.11102,TTGGGAGAGAATTTGAGGCA,dCas9-KRAB,chr15,24899154,24899174,25144301,25144321,snrpn_snh14,pws_critical,2.43e-05,-2.519553892,-2.519553892,0,,1,SNHG14,0,,False,False,,,,
PWS_G.9964,GAGTGTTGGGAGAGAATTTG,dCas9-KRAB,chr15,24899159,24899179,25144306,25144326,snrpn_snh14,pws_critical,4.3e-05,-1.57385715,-1.57385715,0,,1,SNHG14,0,,False,False,,,,
PWS_G.1968,ATGTTTGTAATAGAAAGTGT,dCas9-KRAB,chr15,24899192,24899212,25144339,25144359,snrpn_snh14,pws_critical,0.001248944,-1.499493042,-1.499493042,0,,1,SNHG14,0,,False,False,,,,
PWS_G.8492,AAACGGCTGAGAGACCACAG,dCas9-KRAB,chr15,24899482,24899502,25144629,25144649,snrpn_snh14,pws_critical,0.000822403,-1.518148995,-1.518148995,0,,1,SNHG14,0,,False,False,,,,
PWS_G.9912,GAGAAAGGCATGCATGCTAT,dCas9-KRAB,chr15,24899505,24899525,25144652,25144672,snrpn_snh14,pws_critical,2.62e-12,-2.053539373,-2.053539373,0,,1,SNHG14,0,,False,False,,,,
PWS_G.9933,GAGCAATCCTGCAGCAACAA,dCas9-KRAB,chr15,24899551,24899571,25144698,25144718,snrpn_snh14,pws_critical,0.00214105,-1.642765469,-1.642765469,0,,1,SNHG14,0,,False,False,,,,
PWS_G.8803,ACTACACTAGAAACCACCTA,dCas9-KRAB,chr15,24899652,24899672,25144799,25144819,snrpn_snh14,pws_critical,1.12e-05,-1.380989274,-1.380989274,0,,1,SNHG14,0,,False,False,,,,
PWS_G.9510,CCCACTTAGGTGCCAGGGAA,dCas9-KRAB,chr15,24899704,24899724,25144851,25144871,snrpn_snh14,pws_critical,0.000182073,-1.271891259,-1.271891259,0,,1,SNHG14,0,,False,False,,,,
PWS_G.5928,GTCACAGTGTGCGGCACCAG,dCas9-KRAB,chr15,24899744,24899764,25144891,25144911,snrpn_snh14,pws_critical,0.002806849,-1.561382194,-1.561382194,0,,1,SNHG14,0,,False,False,,,,
PWS_G.10551,TAGCAACCTATGACATGCAG,dCas9-KRAB,chr15,24900010,24900030,25145157,25145177,snrpn_snh14,pws_critical,0.000764124,-1.316147372,-1.316147372,0,,1,SNHG14,0,,False,False,,,,
PWS_G.10361,GTGATACCACTGCATGTCAT,dCas9-KRAB,chr15,24900019,24900039,25145166,25145186,snrpn_snh14,pws_critical,0.00838192,-1.180920041,-1.180920041,0,,1,SNHG14,0,,False,False,,,,
PWS_G.10893,TGGCAGTCAAGATAACTGTA,dCas9-KRAB,chr15,24900132,24900152,25145279,25145299,snrpn_snh14,pws_critical,0.000656395,-1.556477261,-1.556477261,0,,1,SNHG14,0,,False,False,,,,
PWS_G.8891,AGATAACTGTAAGGACTGTG,dCas9-KRAB,chr15,24900141,24900161,25145288,25145308,snrpn_snh14,pws_critical,1.24e-05,-1.63061659,-1.63061659,0,,1,SNHG14,0,,False,False,,,,
PWS_G.10112,GCTATTCAATCCTAGTTATG,dCas9-KRAB,chr15,24900595,24900615,25145742,25145762,snrpn_snh14,pws_critical,0.045688649,-1.072748292,-1.072748292,0,,1,SNHG14,0,,False,False,,,,
PWS_G.4078,GAACATTTGACTACCAGACC,dCas9-KRAB,chr15,24901410,24901430,25146557,25146577,snrpn_snh14,pws_critical,0.010668314,-0.984870012,-0.984870012,0,,1,SNHG14,0,,False,False,,,,
PWS_G.2497,CAGTCCAGACTTCTTGGCGT,dCas9-KRAB,chr15,24935598,24935618,25180745,25180765,snrpn_snh14,pws_critical,0.045157195,1.778523011,1.778523011,0,,1,SNHG14,0,,False,False,,,,
PWS_G.9401,CAGGTGCGTGCCCTCACACC,dCas9-KRAB,chr15,24950317,24950337,25195464,25195484,pws_icr,pws_critical,0.045157195,-0.845540323,-0.845540323,0,,1,SNHG14,10,OCR_117432;OCR_117432;OCR_117432;OCR_117432;OCR_117432,True,False,,,,
PWS_G.10437,GTTTTGCTCCATCACCCAGG,dCas9-KRAB,chr15,24950575,24950595,25195722,25195742,pws_icr,pws_critical,2.33e-05,-1.512890134,-1.512890134,0,,1,SNHG14,10,OCR_117432;OCR_117432;OCR_117432;OCR_117432;OCR_117432,True,False,,,,
PWS_G.10169,GGAGGCAGAGGTCGCGGTGA,dCas9-KRAB,chr15,24950933,24950953,25196080,25196100,pws_icr,pws_critical,5.34e-12,-2.66825287,-2.66825287,0,,1,SNHG14,0,,False,False,,,,
PWS_G.8587,AAGACTCCCTTGAGCCCGGG,dCas9-KRAB,chr15,24950951,24950971,25196098,25196118,pws_icr,pws_critical,2.88e-10,-2.45273486,-2.45273486,0,,1,SNHG14,0,,False,False,,,,
PWS_G.9641,CTAAAGACTCCCTTGAGCCC,dCas9-KRAB,chr15,24950954,24950974,25196101,25196121,pws_icr,pws_critical,1.15e-05,-1.429751393,-1.429751393,0,,1,SNHG14,0,,False,False,,,,
PWS_G.9004,AGTCTCAGTCCCAAGCAGCT,dCas9-KRAB,chr15,24950972,24950992,25196119,25196139,pws_icr,pws_critical,3.69e-15,-2.958047734,-2.958047734,0,,1,SNHG14,0,,False,False,,,,
PWS_G.9092,ATCACGAACCTCCTGATCTC,dCas9-KRAB,chr15,24951075,24951095,25196222,25196242,pws_icr,pws_critical,6.72e-11,-2.803780083,-2.803780083,0,,1,SNHG14,0,,False,False,,,,
PWS_G.10299,GTAGGTCATATGGTAACTTC,dCas9-KRAB,chr15,24951200,24951220,25196347,25196367,pws_icr,pws_critical,1.24e-13,-2.625502679,-2.625502679,0,,1,SNHG14,0,,False,False,,,,
PWS_G.10352,GTGAAACAGCACAGCCACAG,dCas9-KRAB,chr15,24951256,24951276,25196403,25196423,pws_icr,pws_critical,9.38e-07,-2.61640306,-2.61640306,0,,1,SNHG14,0,,False,False,,,,
PWS_G.8657,AATGACAAGGGTTGTGGAGG,dCas9-KRAB,chr15,24951317,24951337,25196464,25196484,pws_icr,pws_critical,5.18e-25,-2.905167981,-2.905167981,0,,1,SNHG14,0,,False,False,,,,
PWS_G.9876,GACAATGACAAGGGTTGTGG,dCas9-KRAB,chr15,24951320,24951340,25196467,25196487,pws_icr,pws_critical,1.63e-40,-3.302412208,-3.302412208,0,,1,SNHG14,0,,False,False,,,,
PWS_G.8503,AAAGACAATGACAAGGGTTG,dCas9-KRAB,chr15,24951323,24951343,25196470,25196490,pws_icr,pws_critical,1.77e-14,-2.058649423,-2.058649423,0,,1,SNHG14,0,,False,False,,,,
PWS_G.9521,CCCCAAGTGGCATCTCATTG,dCas9-KRAB,chr15,24951353,24951373,25196500,25196520,pws_icr,pws_critical,5.0599999999999993e-23,-2.148216577,-2.148216577,0,,1,SNHG14,0,,False,False,,,,
PWS_G.9485,CCACAATGAGATGCCACTTG,dCas9-KRAB,chr15,24951356,24951376,25196503,25196523,pws_icr,pws_critical,6.37e-24,-2.799784212,-2.799784212,0,,1,SNHG14,0,,False,False,,,,
PWS_G.8652,AATCCGTGTAACCTTGAATT,dCas9-KRAB,chr15,24952016,24952036,25197163,25197183,pws_icr,pws_critical,0.004494126,-1.352609763,-1.352609763,0,,1,SNHG14,0,,False,False,,,,
PWS_G.4166,GAATTGTTGGGAGACCTATC,dCas9-KRAB,chr15,24952383,24952403,25197530,25197550,pws_icr,pws_critical,7.34e-05,-1.242633954,-1.242633954,0,,1,SNHG14,0,,False,False,,,,
PWS_G.656,ACATGCTAGTAGACCCTGAT,dCas9-KRAB,chr15,24952400,24952420,25197547,25197567,pws_icr,pws_critical,1.17e-11,-1.885680552,-1.885680552,0,,1,SNHG14,0,,False,False,,,,
PWS_G.7968,TTCAACATATCCTACAACTG,dCas9-KRAB,chr15,24952468,24952488,25197615,25197635,pws_icr,pws_critical,7.13e-13,-2.047875189,-2.047875189,0,,1,SNHG14,0,,False,False,,,,
PWS_G.6223,GTTAGAGTACTACTTCTTCT,dCas9-KRAB,chr15,24952994,24953014,25198141,25198161,pws_icr,pws_critical,0.013026913,-1.282128718,-1.282128718,0,,1,SNHG14,0,,False,False,,,,
PWS_G.8559,AACAGGTCCTAGTATAAGCT,dCas9-KRAB,chr15,24953049,24953069,25198196,25198216,pws_icr,pws_critical,9.94e-05,-1.542936752,-1.542936752,0,,1,SNHG14,0,,False,False,,,,
PWS_G.10623,TCAAAAGAGCCTGAGTCCAA,dCas9-KRAB,chr15,24953221,24953241,25198368,25198388,pws_icr,pws_critical,0.001248944,-1.416401128,-1.416401128,0,,1,SNHG14,0,,False,False,,,,
PWS_G.8881,AGAGCCTGAGTCCAAAGGCA,dCas9-KRAB,chr15,24953226,24953246,25198373,25198393,pws_icr,pws_critical,0.010024286,-1.38508814,-1.38508814,0,,1,SNHG14,0,,False,False,,,,
PWS_G.5469,GGGAAGTTGACTCTGATCAC,dCas9-KRAB,chr15,24953647,24953667,25198794,25198814,pws_icr,pws_critical,0.003743607,-1.407345151,-1.407345151,0,,1,SNHG14,0,,False,False,,,,
PWS_G.665,ACATTAAAACAGGTGCGCAG,dCas9-KRAB,chr15,24953907,24953927,25199054,25199074,pws_icr,pws_critical,0.018588359,-1.463276322,-1.463276322,0,,1,SNHG14,0,,False,False,,,,
PWS_G.8770,ACCCTCCCTTCTTCGATAAT,dCas9-KRAB,chr15,24954004,24954024,25199151,25199171,pws_icr,pws_critical,4.99e-09,-1.376748196,-1.376748196,0,,1,SNHG14,0,,False,False,,,,
PWS_G.423,AATCAATGATAGCTGGAGTG,dCas9-KRAB,chr15,24954234,24954254,25199381,25199401,pws_icr,pws_critical,0.013338034,-1.328819243,-1.328819243,0,,1,SNHG14,0,,False,False,,,,
PWS_G.5440,GGCTCTCCTACTTAGATCTT,dCas9-KRAB,chr15,24954298,24954318,25199445,25199465,pws_icr,pws_critical,9.12e-17,-2.404985795,-2.404985795,0,,1,SNHG14,0,,False,False,,,,
PWS_G.7142,TCTCCTACTTAGATCTTAGG,dCas9-KRAB,chr15,24954301,24954321,25199448,25199468,pws_icr,pws_critical,0.000408256,-1.184840754,-1.184840754,0,,1,SNHG14,0,,False,False,,,,
PWS_G.3669,CTCCTACTTAGATCTTAGGT,dCas9-KRAB,chr15,24954302,24954322,25199449,25199469,pws_icr,pws_critical,5.86e-07,-1.960535848,-1.960535848,0,,1,SNHG14,0,,False,False,,,,
PWS_G.7016,TCCTACTTAGATCTTAGGTG,dCas9-KRAB,chr15,24954303,24954323,25199450,25199470,pws_icr,pws_critical,2.2100000000000002e-29,-2.943915093,-2.943915093,0,,1,SNHG14,0,,False,False,,,,
PWS_G.3094,CCTACTTAGATCTTAGGTGG,dCas9-KRAB,chr15,24954304,24954324,25199451,25199471,pws_icr,pws_critical,1.3e-07,-1.764021804,-1.764021804,0,,1,SNHG14,0,,False,False,,,,
PWS_G.2917,CCCCCACCTAAGATCTAAGT,dCas9-KRAB,chr15,24954307,24954327,25199454,25199474,pws_icr,pws_critical,5.19e-09,-1.641229055,-1.641229055,0,,1,SNHG14,0,,False,False,,,,
PWS_G.1842,ATGATCTATCCATTCCGTAT,dCas9-KRAB,chr15,24954382,24954402,25199529,25199549,pws_icr,pws_critical,3.72e-17,-2.649133547,-2.649133547,0,,1,SNHG14,0,,False,False,,,,
PWS_G.7856,TTAAACTCTCCTATACGGAA,dCas9-KRAB,chr15,24954394,24954414,25199541,25199561,pws_icr,pws_critical,1.68e-05,-2.292501355,-2.292501355,0,,1,SNHG14,0,,False,False,,,,
PWS_G.7718,TGTAGCATGCTTTTAGAGTT,dCas9-KRAB,chr15,24954511,24954531,25199658,25199678,pws_icr,pws_critical,3.28e-13,-2.072961363,-2.072961363,0,,1,SNHG14,0,,False,False,,,,
PWS_G.741,ACCGCACATAGGAAGACCTG,dCas9-KRAB,chr15,24954624,24954644,25199771,25199791,pws_icr,pws_critical,8.05e-37,-3.417328812,-3.417328812,0,,1,SNHG14,0,,False,False,,,,
PWS_G.3026,CCGCACATAGGAAGACCTGA,dCas9-KRAB,chr15,24954625,24954645,25199772,25199792,pws_icr,pws_critical,4e-43,-3.500122132,-3.500122132,0,,1,SNHG14,0,,False,False,,,,
PWS_G.2979,CCCTCAGGTCTTCCTATGTG,dCas9-KRAB,chr15,24954628,24954648,25199775,25199795,pws_icr,pws_critical,2.41e-39,-2.87336726,-2.87336726,0,,1,SNHG14,0,,False,False,,,,
PWS_G.3165,CCTGAGGGTGAGTGTAAATT,dCas9-KRAB,chr15,24954640,24954660,25199787,25199807,pws_icr,pws_critical,3.07e-08,-1.527570557,-1.527570557,0,,1,SNHG14,0,,False,False,,,,
PWS_G.3085,CCTAATTTACACTCACCCTC,dCas9-KRAB,chr15,24954643,24954663,25199790,25199810,pws_icr,pws_critical,1.6000000000000002e-23,-2.552694812,-2.552694812,0,,1,SNHG14,0,,False,False,,,,
PWS_G.2532,CATAAGCAACCTGGGATCAA,dCas9-KRAB,chr15,24954759,24954779,25199906,25199926,pws_icr,pws_critical,3.51e-28,-2.888082611,-2.888082611,0,,1,SNHG14,0,,False,False,24955206.0,-54.902983106438704,37.22679229646797,437.0
PWS_G.3702,CTCTCATTGCAACAGTGCTG,dCas9-KRAB,chr15,24954794,24954814,25199941,25199961,pws_icr,pws_critical,9.18e-22,-2.909543989,-2.909543989,0,,1,SNHG14,0,,False,False,24955206.0,-54.902983106438704,37.22679229646797,402.0
PWS_G.2922,CCCCCCAGGTCATTCCGGTG,dCas9-KRAB,chr15,24954842,24954862,25199989,25200009,pws_icr,pws_critical,1.02e-34,-3.165330368,-3.165330368,0,,1,SNHG14,0,,False,False,24955206.0,-54.902983106438704,37.22679229646797,354.0
PWS_G.2920,CCCCCAGGTCATTCCGGTGA,dCas9-KRAB,chr15,24954843,24954863,25199990,25200010,pws_icr,pws_critical,1.71e-13,-2.46733606,-2.46733606,0,,1,SNHG14,0,,False,False,24955206.0,-54.902983106438704,37.22679229646797,353.0
PWS_G.3110,CCTCACCGGAATGACCTGGG,dCas9-KRAB,chr15,24954845,24954865,25199992,25200012,pws_icr,pws_critical,7.899999999999999e-24,-2.731201827,-2.731201827,0,,1,SNHG14,0,,False,False,24955206.0,-54.902983106438704,37.22679229646797,351.0
PWS_G.2977,CCCTCACCGGAATGACCTGG,dCas9-KRAB,chr15,24954846,24954866,25199993,25200013,pws_icr,pws_critical,1.43e-17,-2.261230713,-2.261230713,0,,1,SNHG14,0,,False,False,24955206.0,-54.902983106438704,37.22679229646797,350.0
PWS_G.6981,TCCCTCACCGGAATGACCTG,dCas9-KRAB,chr15,24954847,24954867,25199994,25200014,pws_icr,pws_critical,1.09e-31,-2.656683446,-2.656683446,0,,1,SNHG14,0,,False,False,24955206.0,-54.902983106438704,37.22679229646797,349.0
PWS_G.3130,CCTCCCTCACCGGAATGACC,dCas9-KRAB,chr15,24954849,24954869,25199996,25200016,pws_icr,pws_critical,0.002806849,-1.016520497,-1.016520497,0,,1,SNHG14,0,,False,False,24955206.0,-54.902983106438704,37.22679229646797,347.0
PWS_G.5087,GCTTGTTTGCCGCAGTGCAG,dCas9-KRAB,chr15,24954881,24954901,25200028,25200048,pws_icr,pws_critical,5.19e-08,-2.092435608,-2.092435608,0,,1,SNHG14,0,,False,False,24955206.0,-54.902983106438704,37.22679229646797,315.0
PWS_G.7517,TGCTTGTTTGCCGCAGTGCA,dCas9-KRAB,chr15,24954882,24954902,25200029,25200049,pws_icr,pws_critical,0.000344671,-5.056246364,-5.056246364,0,,1,SNHG14,0,,False,False,24955206.0,-54.902983106438704,37.22679229646797,314.0
PWS_G.5274,GGCAAACAAGCACGCCTGCG,dCas9-KRAB,chr15,24954890,24954910,25200037,25200057,pws_icr,pws_critical,3.47e-48,-3.500543217,-3.500543217,0,,1,SNHG14,0,,False,False,24955206.0,-54.902983106438704,37.22679229646797,306.0
PWS_G.4627,GCACGCCTGCGCGGCCGCAG,dCas9-KRAB,chr15,24954899,24954919,25200046,25200066,pws_icr,pws_critical,7.34e-51,-3.476972051,-3.476972051,0,,1,SNHG14,0,,False,False,24955206.0,-54.902983106438704,37.22679229646797,297.0
PWS_G.4670,GCAGGCTGGCGCGCATGCTC,dCas9-KRAB,chr15,24954921,24954941,25200068,25200088,pws_icr,pws_critical,2.26e-06,-3.398442134,-3.398442134,0,,1,SNHG14,0,,False,False,24955206.0,-54.902983106438704,37.22679229646797,275.0
PWS_G.5452,GGCTGGCGCGCATGCTCAGG,dCas9-KRAB,chr15,24954924,24954944,25200071,25200091,pws_icr,pws_critical,2.4200000000000003e-37,-3.487562525,-3.487562525,0,,1,SNHG14,0,,False,False,24955206.0,-54.902983106438704,37.22679229646797,272.0
PWS_G.3826,CTGGCGCGCATGCTCAGGCG,dCas9-KRAB,chr15,24954926,24954946,25200073,25200093,pws_icr,pws_critical,5.76e-35,-4.067197614,-4.067197614,0,,1,SNHG14,0,,False,False,24955206.0,-54.902983106438704,37.22679229646797,270.0
PWS_G.7440,TGCCGCTGCTGCAGCGAGTC,dCas9-KRAB,chr15,24954963,24954983,25200110,25200130,pws_icr,pws_critical,1.39e-32,-3.526062643,-3.526062643,0,,1,SNHG14,0,,False,False,24955206.0,-54.902983106438704,37.22679229646797,233.0
PWS_G.4658,GCAGCGAGTCTGGCGCAGAG,dCas9-KRAB,chr15,24954973,24954993,25200120,25200140,pws_icr,pws_critical,2.91e-08,-6.679267765,-6.679267765,0,,1,SNHG14,0,,False,False,24955206.0,-54.902983106438704,37.22679229646797,223.0
PWS_G.4521,GATGCGTCAGGCATCTCCGG,dCas9-KRAB,chr15,24955004,24955024,25200151,25200171,pws_icr,pws_critical,4.2099999999999995e-52,-3.993693205,-3.993693205,0,,1,SNHG14,0,,False,False,24955206.0,-54.902983106438704,37.22679229646797,192.0
PWS_G.595,ACAGATGCGTCAGGCATCTC,dCas9-KRAB,chr15,24955007,24955027,25200154,25200174,pws_icr,pws_critical,6.09e-49,-3.127485086,-3.127485086,0,,1,SNHG14,0,,False,False,24955206.0,-54.902983106438704,37.22679229646797,189.0
PWS_G.1867,ATGCCTGACGCATCTGTCTG,dCas9-KRAB,chr15,24955010,24955030,25200157,25200177,pws_icr,pws_critical,5.51e-52,-3.673459508,-3.673459508,0,,1,SNHG14,0,,False,False,24955206.0,-54.902983106438704,37.22679229646797,186.0
PWS_G.7302,TGACGCATCTGTCTGAGGAG,dCas9-KRAB,chr15,24955015,24955035,25200162,25200182,pws_icr,pws_critical,5.26e-06,-3.944108602,-3.944108602,0,,1,SNHG14,0,,False,False,24955206.0,-54.902983106438704,37.22679229646797,181.0
PWS_G.4984,GCTCCTCAGACAGATGCGTC,dCas9-KRAB,chr15,24955016,24955036,25200163,25200183,pws_icr,pws_critical,5.57e-08,-2.777198409,-2.777198409,0,,1,SNHG14,0,,False,False,24955206.0,-54.902983106438704,37.22679229646797,180.0
PWS_G.1288,AGGAGCGGTCAGTGACGCGA,dCas9-KRAB,chr15,24955030,24955050,25200177,25200197,pws_icr,pws_critical,1.06e-20,-3.545648976,-3.545648976,0,,1,SNHG14,0,,False,False,24955206.0,-54.902983106438704,37.22679229646797,166.0
PWS_G.3437,CGGTCAGTGACGCGATGGAG,dCas9-KRAB,chr15,24955035,24955055,25200182,25200202,pws_icr,pws_critical,3.85e-26,-2.716060678,-2.716060678,0,,1,SNHG14,0,,False,False,24955206.0,-54.902983106438704,37.22679229646797,161.0
PWS_G.5691,GGTCAGTGACGCGATGGAGC,dCas9-KRAB,chr15,24955036,24955056,25200183,25200203,pws_icr,pws_critical,1.12e-14,-2.947689604,-2.947689604,0,,1,SNHG14,0,,False,False,24955206.0,-54.902983106438704,37.22679229646797,160.0
PWS_G.6065,GTGACGCGATGGAGCGGGCA,dCas9-KRAB,chr15,24955041,24955061,25200188,25200208,pws_icr,pws_critical,9.01e-20,-3.291277039,-3.291277039,0,,1,SNHG14,0,,False,False,24955206.0,-54.902983106438704,37.22679229646797,155.0
PWS_G.4818,GCCTCTGAACATTCCGGATC,dCas9-KRAB,chr15,24955202,24955222,25200349,25200369,pws_icr,pws_critical,2.4e-07,-2.021316935,-2.021316935,0,,1,SNHG14,0,,False,False,24955206.0,-54.902983106438704,37.22679229646797,6.0
PWS_G.6298,GTTGTGCCGTTCTGCCCCGA,dCas9-KRAB,chr15,24955227,24955247,25200374,25200394,pws_icr,pws_critical,6.98e-16,-2.428550048,-2.428550048,0,,1,SNHG14,0,,False,False,24955234.0,-51.099112629004374,44.844701297645635,3.0
PWS_G.4363,GAGCGGACAGGATACCATCG,dCas9-KRAB,chr15,24955244,24955264,25200391,25200411,pws_icr,pws_critical,1.9700000000000002e-31,-3.822424395,-3.822424395,0,,1,SNHG14,0,,False,False,24955259.0,-54.7971288372618,41.92223858909707,5.0
PWS_G.3268,CGAGCGGACAGGATACCATC,dCas9-KRAB,chr15,24955245,24955265,25200392,25200412,pws_icr,pws_critical,4.08e-42,-3.971764018,-3.971764018,0,,1,SNHG14,0,,False,False,24955259.0,-54.7971288372618,41.92223858909707,4.0
PWS_G.4846,GCGAGCGGACAGGATACCAT,dCas9-KRAB,chr15,24955246,24955266,25200393,25200413,pws_icr,pws_critical,1.17e-05,-2.234693957,-2.234693957,0,,1,SNHG14,0,,False,False,24955259.0,-54.7971288372618,41.92223858909707,3.0
PWS_G.5679,GGTATCCTGTCCGCTCGCAT,dCas9-KRAB,chr15,24955248,24955268,25200395,25200415,pws_icr,pws_critical,5.54e-15,-2.556278266,-2.556278266,0,,1,SNHG14,0,,False,False,24955259.0,-54.7971288372618,41.92223858909707,1.0
PWS_G.5905,GTATCCTGTCCGCTCGCATT,dCas9-KRAB,chr15,24955249,24955269,25200396,25200416,pws_icr,pws_critical,1.47e-20,-2.543886799,-2.543886799,0,,1,SNHG14,0,,False,False,24955259.0,-54.7971288372618,41.92223858909707,0.0
PWS_G.4871,GCGCCCCAATGCGAGCGGAC,dCas9-KRAB,chr15,24955256,24955276,25200403,25200423,pws_icr,pws_critical,1.94e-28,-3.110064738,-3.110064738,0,,1,SNHG14,0,,False,False,24955263.0,-54.03979701972791,41.63893939629103,3.0
PWS_G.5478,GGGACGCGCCCCAATGCGAG,dCas9-KRAB,chr15,24955261,24955281,25200408,25200428,pws_icr,pws_critical,2.89e-46,-3.205264583,-3.205264583,0,,1,SNHG14,0,,False,False,24955273.0,-56.809093880163225,39.502578084310834,2.0
PWS_G.3338,CGCGACACCACAGTTGGGGG,dCas9-KRAB,chr15,24955288,24955308,25200435,25200455,pws_icr,pws_critical,1.2e-05,-2.934773638,-2.934773638,0,,1,SNHG14,0,,False,False,24955304.0,-55.2569008518575,41.6046492784777,6.0
PWS_G.7751,TGTCGCGACACCACAGTTGG,dCas9-KRAB,chr15,24955291,24955311,25200438,25200458,pws_icr,pws_critical,4.1400000000000003e-26,-3.378724518,-3.378724518,0,,1,SNHG14,0,,False,False,24955304.0,-55.2569008518575,41.6046492784777,3.0
PWS_G.3858,CTGTCGCGACACCACAGTTG,dCas9-KRAB,chr15,24955292,24955312,25200439,25200459,pws_icr,pws_critical,2.69e-36,-3.290308924,-3.290308924,0,,1,SNHG14,0,,False,False,24955304.0,-55.2569008518575,41.6046492784777,2.0
PWS_G.3193,CCTGTCGCGACACCACAGTT,dCas9-KRAB,chr15,24955293,24955313,25200440,25200460,pws_icr,pws_critical,9.14e-14,-2.311160479,-2.311160479,0,,1,SNHG14,0,,False,False,24955304.0,-55.2569008518575,41.6046492784777,1.0
PWS_G.7752,TGTCGCGACAGGTCCTATTG,dCas9-KRAB,chr15,24955301,24955321,25200448,25200468,pws_icr,pws_critical,1.7e-14,-2.069580093,-2.069580093,0,,1,SNHG14,0,,False,False,24955306.0,-55.344214527561405,40.44765336815976,5.0
PWS_G.6001,GTCGCGACAGGTCCTATTGC,dCas9-KRAB,chr15,24955302,24955322,25200449,25200469,pws_icr,pws_critical,4.68e-11,-2.219765871,-2.219765871,0,,1,SNHG14,0,,False,False,24955306.0,-55.344214527561405,40.44765336815976,6.0
PWS_G.3107,CCTATTGCGGGTGTCTGCGG,dCas9-KRAB,chr15,24955314,24955334,25200461,25200481,pws_icr,pws_critical,2.18e-15,-2.260795888,-2.260795888,0,,1,SNHG14,0,,False,False,24955321.0,-53.977709425408925,42.15765248693193,3.0
PWS_G.3589,CTATTGCGGGTGTCTGCGGT,dCas9-KRAB,chr15,24955315,24955335,25200462,25200482,pws_icr,pws_critical,1.56e-11,-2.638105356,-2.638105356,0,,1,SNHG14,0,,False,False,24955321.0,-53.977709425408925,42.15765248693193,4.0
PWS_G.2746,CCACCGCAGACACCCGCAAT,dCas9-KRAB,chr15,24955317,24955337,25200464,25200484,pws_icr,pws_critical,3.9900000000000003e-35,-2.724967397,-2.724967397,0,,1,SNHG14,0,,False,False,24955331.0,-53.77436127799284,43.191065673958065,4.0
PWS_G.1173,AGCATGCGGGGTAACCGCAG,dCas9-KRAB,chr15,24955357,24955377,25200504,25200524,pws_icr,pws_critical,5.19e-07,-2.135154815,-2.135154815,0,,1,SNHG14,0,,False,False,24955363.0,-54.69957077495863,41.9419831610015,4.0
PWS_G.1376,AGGGTGATTGCAGTTCCGTG,dCas9-KRAB,chr15,24955410,24955430,25200557,25200577,pws_icr,pws_critical,1.6e-07,-2.49895008,-2.49895008,0,,1,SNHG14,0,,False,False,24955426.0,-51.77694500571612,42.4815108597115,6.0
PWS_G.7011,TCCGTGTGGCGAGGGTACGT,dCas9-KRAB,chr15,24955424,24955444,25200571,25200591,pws_icr,pws_critical,2.4000000000000002e-30,-2.94395357,-2.94395357,0,,1,SNHG14,0,,False,False,24955433.0,-52.78987062903153,42.3972328216095,1.0
PWS_G.3482,CGTGTGGCGAGGGTACGTGG,dCas9-KRAB,chr15,24955426,24955446,25200573,25200593,pws_icr,pws_critical,7.45e-24,-2.975799676,-2.975799676,0,,1,SNHG14,0,,False,False,24955433.0,-52.78987062903153,42.3972328216095,3.0
PWS_G.853,ACGTGGGGGGACCAGTGCAT,dCas9-KRAB,chr15,24955440,24955460,25200587,25200607,pws_icr,pws_critical,1.64e-05,-1.474319509,-1.474319509,0,,1,SNHG14,0,,False,False,24955441.0,-50.64876519781531,44.3236596791198,9.0
PWS_G.3477,CGTGGGGGGACCAGTGCATA,dCas9-KRAB,chr15,24955441,24955461,25200588,25200608,pws_icr,pws_critical,1.9e-15,-2.106153015,-2.106153015,0,,1,SNHG14,0,,False,False,24955441.0,-50.64876519781531,44.3236596791198,10.0
PWS_G.3330,CGCCTAAAATCCCTATGCAC,dCas9-KRAB,chr15,24955454,24955474,25200601,25200621,pws_icr,pws_critical,1.6299999999999997e-23,-2.539552899,-2.539552899,0,,1,SNHG14,0,,False,False,24955472.0,-52.47013923677677,43.05694719549033,8.0
PWS_G.7410,TGCATAGGGATTTTAGGCGG,dCas9-KRAB,chr15,24955455,24955475,25200602,25200622,pws_icr,pws_critical,1.6099999999999998e-24,-3.045710377,-3.045710377,0,,1,SNHG14,0,,False,False,24955472.0,-52.47013923677677,43.05694719549033,7.0
PWS_G.7924,TTAGGCGGAGGTAGGTATAT,dCas9-KRAB,chr15,24955467,24955487,25200614,25200634,pws_icr,pws_critical,4.22e-46,-3.314894186,-3.314894186,0,,1,SNHG14,0,,False,False,24955472.0,-52.47013923677677,43.05694719549033,5.0
PWS_G.4841,GCGAAGGTACGTGAAGTGAT,dCas9-KRAB,chr15,24955505,24955525,25200652,25200672,pws_icr,pws_critical,3.29e-07,-2.520796159,-2.520796159,0,,1,SNHG14,0,,False,False,24955514.0,-55.24630159780093,41.65162423720434,1.0
PWS_G.3464,CGTGAAGTGATCGGTATTTA,dCas9-KRAB,chr15,24955514,24955534,25200661,25200681,pws_icr,pws_critical,5.09e-06,-1.498239802,-1.498239802,0,,1,SNHG14,0,,False,False,24955525.0,-54.08929243411969,42.32038749503953,1.0
PWS_G.7259,TGAAGTGATCGGTATTTAGG,dCas9-KRAB,chr15,24955516,24955536,25200663,25200683,pws_icr,pws_critical,8.36e-20,-2.747092211,-2.747092211,0,,1,SNHG14,0,,False,False,24955525.0,-54.08929243411969,42.32038749503953,1.0
PWS_G.5890,GTATAATAGTGACCACTGCG,dCas9-KRAB,chr15,24955557,24955577,25200704,25200724,pws_icr,pws_critical,0.000426422,-1.266569976,-1.266569976,0,,1,SNHG14,0,,False,False,24955546.0,-52.210083468807966,43.11483845647297,21.0
PWS_G.4676,GCAGGGTACGTGGGGCGACT,dCas9-KRAB,chr15,24955584,24955604,25200731,25200751,pws_icr,pws_critical,9.32e-09,-2.027379473,-2.027379473,0,,1,SNHG14,0,,False,False,24955546.0,-52.210083468807966,43.11483845647297,48.0
PWS_G.5153,GGAATTCGTCGCAGTGACCG,dCas9-KRAB,chr15,24955610,24955630,25200757,25200777,pws_icr,pws_critical,3.44e-17,-3.357992798,-3.357992798,0,,1,SNHG14,0,,False,False,24955546.0,-52.210083468807966,43.11483845647297,74.0
PWS_G.7296,TGACCGAGGCGAGGAGGCTA,dCas9-KRAB,chr15,24955624,24955644,25200771,25200791,pws_icr,pws_critical,4.55e-14,-3.192126955,-3.192126955,0,,1,SNHG14,0,,False,False,24955546.0,-52.210083468807966,43.11483845647297,88.0
PWS_G.4903,GCGGCGACAGTGGGTATTGG,dCas9-KRAB,chr15,24955749,24955769,25200896,25200916,pws_icr,pws_critical,1.19e-12,-2.330631881,-2.330631881,0,,1,SNHG14,0,,False,False,24955546.0,-52.210083468807966,43.11483845647297,213.0
PWS_G.4843,GCGACAGTGGGTATTGGCGG,dCas9-KRAB,chr15,24955752,24955772,25200899,25200919,pws_icr,pws_critical,0.008212875,-1.515646556,-1.515646556,0,,1,SNHG14,0,,False,False,24955546.0,-52.210083468807966,43.11483845647297,216.0
PWS_G.2512,CAGTGGGTATTGGCGGCGGT,dCas9-KRAB,chr15,24955756,24955776,25200903,25200923,pws_icr,pws_critical,1.31e-05,-1.920109828,-1.920109828,0,,1,SNHG14,0,,False,False,24955546.0,-52.210083468807966,43.11483845647297,220.0
PWS_G.4295,GACTTTGGCGGCGGTAGGCA,dCas9-KRAB,chr15,24955809,24955829,25200956,25200976,pws_icr,pws_critical,1.81e-09,-2.085963903,-2.085963903,0,,1,SNHG14,0,,False,False,24955546.0,-52.210083468807966,43.11483845647297,273.0
PWS_G.3052,CCGGACAGCGACAGGCCCCG,dCas9-KRAB,chr15,24955873,24955893,25201020,25201040,pws_icr,pws_critical,2.8e-15,-2.063650384,-2.063650384,0,,1,SNHG14,0,,False,False,24955546.0,-52.210083468807966,43.11483845647297,337.0
PWS_G.4579,GCAAACCAGATGACCATCGC,dCas9-KRAB,chr15,24955987,24956007,25201134,25201154,pws_icr,pws_critical,1.29e-08,-2.27905874,-2.27905874,0,,1,SNHG14,0,,False,False,24955546.0,-52.210083468807966,43.11483845647297,451.0
PWS_G.3501,CTAAAGCGAGGGTTCCTAAA,dCas9-KRAB,chr15,24956097,24956117,25201244,25201264,pws_icr,pws_critical,1.85e-16,-2.260274596,-2.260274596,0,,1,SNHG14,0,,False,False,,,,
PWS_G.3255,CGACATAGCCTTCCAAGACC,dCas9-KRAB,chr15,24956239,24956259,25201386,25201406,pws_icr,pws_critical,0.000293608,-1.235690814,-1.235690814,0,,1,SNHG14,0,,False,False,,,,
PWS_G.5429,GGCTATGTCGAAATAACCTG,dCas9-KRAB,chr15,24956249,24956269,25201396,25201416,pws_icr,pws_critical,0.000844771,-2.195627752,-2.195627752,0,,1,SNHG14,0,,False,False,,,,
PWS_G.6064,GTGACGCAACACAGACCCCC,dCas9-KRAB,chr15,24956268,24956288,25201415,25201435,pws_icr,pws_critical,4.43e-12,-1.840570808,-1.840570808,0,,1,SNHG14,0,,False,False,,,,
PWS_G.4907,GCGGCTCTACAGGGAGGAAG,dCas9-KRAB,chr15,24956368,24956388,25201515,25201535,pws_icr,pws_critical,3.71e-05,-2.045007454,-2.045007454,0,,1,SNHG14,0,,False,False,,,,
PWS_G.919,ACTGCACCCTAAAGAGGGTA,dCas9-KRAB,chr15,24956446,24956466,25201593,25201613,pws_icr,pws_critical,1.51e-19,-2.849439178,-2.849439178,0,,1,SNHG14,0,,False,False,,,,
PWS_G.3888,CTTACCACTGCACCCTAAAG,dCas9-KRAB,chr15,24956452,24956472,25201599,25201619,pws_icr,pws_critical,5.39e-51,-2.774784702,-2.774784702,0,,1,SNHG14,0,,False,False,,,,
PWS_G.7144,TCTCGCCCCACTGCAAGCGG,dCas9-KRAB,chr15,24956570,24956590,25201717,25201737,pws_icr,pws_critical,1.21e-21,-2.737339905,-2.737339905,0,,1,SNHG14,0,,False,False,,,,
PWS_G.845,ACGTCTCGCCCCACTGCAAG,dCas9-KRAB,chr15,24956573,24956593,25201720,25201740,pws_icr,pws_critical,6.64e-11,-1.665255696,-1.665255696,0,,1,SNHG14,0,,False,False,,,,
PWS_G.7510,TGCTGTATCAGCCAGGTGAA,dCas9-KRAB,chr15,24956651,24956671,25201798,25201818,pws_icr,pws_critical,1.69e-12,-2.65523469,-2.65523469,0,,1,SNHG14,0,,False,False,,,,
PWS_G.3542,CTACTGCGCCACAACCGGAA,dCas9-KRAB,chr15,24956680,24956700,25201827,25201847,pws_icr,pws_critical,5.06e-12,-2.375890248,-2.375890248,0,,1,SNHG14,0,,False,False,,,,
PWS_G.2932,CCCCTCTACTGCGCCACAAC,dCas9-KRAB,chr15,24956685,24956705,25201832,25201852,pws_icr,pws_critical,1.05e-09,-1.651887621,-1.651887621,0,,1,SNHG14,0,,False,False,,,,
PWS_G.7599,TGGCTGCCAAGCTTGCTAGG,dCas9-KRAB,chr15,24956736,24956756,25201883,25201903,pws_icr,pws_critical,3.17e-13,-2.430070378,-2.430070378,0,,1,SNHG14,0,,False,False,,,,
PWS_G.5636,GGGTGGCTGCCAAGCTTGCT,dCas9-KRAB,chr15,24956739,24956759,25201886,25201906,pws_icr,pws_critical,4.4e-21,-2.875468311,-2.875468311,0,,1,SNHG14,0,,False,False,,,,
PWS_G.925,ACTGCTGCACCGTGGGTAAG,dCas9-KRAB,chr15,24956759,24956779,25201906,25201926,pws_icr,pws_critical,2.18e-18,-2.945536422,-2.945536422,0,,1,SNHG14,0,,False,False,,,,
PWS_G.6541,TACTGCTGCACCGTGGGTAA,dCas9-KRAB,chr15,24956760,24956780,25201907,25201927,pws_icr,pws_critical,1.5100000000000001e-22,-3.096561491,-3.096561491,0,,1,SNHG14,0,,False,False,,,,
PWS_G.3543,CTACTGCTGCACCGTGGGTA,dCas9-KRAB,chr15,24956761,24956781,25201908,25201928,pws_icr,pws_critical,3.1e-14,-2.435728641,-2.435728641,0,,1,SNHG14,0,,False,False,,,,
PWS_G.5986,GTCCTCTACTGCTGCACCGT,dCas9-KRAB,chr15,24956766,24956786,25201913,25201933,pws_icr,pws_critical,3.65e-12,-2.225609316,-2.225609316,0,,1,SNHG14,0,,False,False,,,,
PWS_G.1485,AGTCCTCTACTGCTGCACCG,dCas9-KRAB,chr15,24956767,24956787,25201914,25201934,pws_icr,pws_critical,1.26e-16,-2.652930193,-2.652930193,0,,1,SNHG14,0,,False,False,,,,
PWS_G.2828,CCATCCCACACAGGCGGAGG,dCas9-KRAB,chr15,24956824,24956844,25201971,25201991,pws_icr,pws_critical,1.8100000000000002e-21,-2.736326649,-2.736326649,0,,1,SNHG14,0,,False,False,,,,
PWS_G.7242,TGAAAAGGTACGATTTTCCA,dCas9-KRAB,chr15,24956997,24957017,25202144,25202164,pws_icr,pws_critical,0.000109173,-1.920078646,-1.920078646,0,,1,SNHG14,0,,False,False,,,,
PWS_G.4856,GCGCACAATACAACCAAGAG,dCas9-KRAB,chr15,24957031,24957051,25202178,25202198,pws_icr,pws_critical,5.26e-12,-2.041463633,-2.041463633,0,,1,SNHG14,0,,False,False,,,,
PWS_G.5173,GGACTATCCAGAGATTAAGA,dCas9-KRAB,chr15,24957164,24957184,25202311,25202331,pws_icr,pws_critical,3.9e-05,-1.540201496,-1.540201496,0,,1,SNHG14,0,,False,False,,,,
PWS_G.4202,GACATACCAGTTATGATAGA,dCas9-KRAB,chr15,24957582,24957602,25202729,25202749,pws_icr,pws_critical,8.68e-09,-1.778754837,-1.778754837,0,,1,SNHG14,0,,False,False,,,,
PWS_G.1046,AGACATACCAGTTATGATAG,dCas9-KRAB,chr15,24957583,24957603,25202730,25202750,pws_icr,pws_critical,5.27e-09,-2.011986021,-2.011986021,0,,1,SNHG14,0,,False,False,,,,
PWS_G.1786,ATCTGCCATATTAGGATCCC,dCas9-KRAB,chr15,24957868,24957888,25203015,25203035,pws_icr,pws_critical,1.52e-10,-2.37770925,-2.37770925,0,,1,SNHG14,0,,False,False,,,,
PWS_G.4493,GATCTGCCATATTAGGATCC,dCas9-KRAB,chr15,24957869,24957889,25203016,25203036,pws_icr,pws_critical,0.042264217,-1.347382235,-1.347382235,0,,1,SNHG14,0,,False,False,,,,
PWS_G.587,ACAGACCTTGAAACTTCAAG,dCas9-KRAB,chr15,24957904,24957924,25203051,25203071,pws_icr,pws_critical,0.000231615,-2.189139254,-2.189139254,0,,1,SNHG14,0,,False,False,,,,
PWS_G.7457,TGCCTTAGACAACAACATAA,dCas9-KRAB,chr15,24958023,24958043,25203170,25203190,pws_icr,pws_critical,0.000202273,-1.220156856,-1.220156856,0,,1,SNHG14,0,,False,False,,,,
PWS_G.679,ACATTTCGGCAATGACACAC,dCas9-KRAB,chr15,24958111,24958131,25203258,25203278,pws_icr,pws_critical,9.23e-05,-1.763015871,-1.763015871,0,,1,SNHG14,0,,False,False,,,,
PWS_G.1353,AGGGCGCTGATAAACAAAGG,dCas9-KRAB,chr15,24958252,24958272,25203399,25203419,pws_icr,pws_critical,2.75e-11,-2.612137592,-2.612137592,0,,1,SNHG14,0,,False,False,,,,
PWS_G.2382,CAGAGGGCGCTGATAAACAA,dCas9-KRAB,chr15,24958255,24958275,25203402,25203422,pws_icr,pws_critical,0.003756212,-1.342295774,-1.342295774,0,,1,SNHG14,0,,False,False,,,,
PWS_G.3079,CCTAAAAAATAGCTAAACAG,dCas9-KRAB,chr15,24958272,24958292,25203419,25203439,pws_icr,pws_critical,0.028351854,-1.362936928,-1.362936928,0,,1,SNHG14,0,,False,False,,,,
PWS_G.1181,AGCCAGCTAGCATCCAGAAA,dCas9-KRAB,chr15,24958462,24958482,25203609,25203629,pws_icr,pws_critical,1.87e-16,-3.014041848,-3.014041848,0,,1,SNHG14,0,,False,False,,,,
PWS_G.10522,TACCTCAAGCCTGTACTAAC,dCas9-KRAB,chr15,24958852,24958872,25203999,25204019,pws_icr,pws_critical,4.55e-14,-1.840107163,-1.840107163,0,,1,SNHG14,0,,False,False,,,,
PWS_G.7894,TTACACTGAAAGTAATAATC,dCas9-KRAB,chr15,24959123,24959143,25204270,25204290,pws_icr,pws_critical,1.25e-12,-2.476225382,-2.476225382,0,,1,SNHG14,0,,False,False,,,,
PWS_G.9057,ATACCCAAGCTTGAACTCCC,dCas9-KRAB,chr15,24959417,24959437,25204564,25204584,pws_icr,pws_critical,1.01e-07,-1.598860978,-1.598860978,0,,1,SNHG14,0,,False,False,,,,
PWS_G.4054,GAAAGGTCTGAGGTCAACTG,dCas9-KRAB,chr15,24959519,24959539,25204666,25204686,pws_icr,pws_critical,1.4e-08,-1.946955843,-1.946955843,0,,1,SNHG14,0,,False,False,,,,
PWS_G.3389,CGGCAGTTGCTCAATATGAA,dCas9-KRAB,chr15,24959536,24959556,25204683,25204703,pws_icr,pws_critical,3.6e-07,-2.030346178,-2.030346178,0,,1,SNHG14,0,,False,False,,,,
PWS_G.9984,GATCAGTGCTACATTATGGT,dCas9-KRAB,chr15,24959688,24959708,25204835,25204855,pws_icr,pws_critical,0.000678774,-1.831556802,-1.831556802,0,,1,SNHG14,0,,False,False,,,,
PWS_G.10824,TGATCAGTGCTACATTATGG,dCas9-KRAB,chr15,24959689,24959709,25204836,25204856,pws_icr,pws_critical,0.004864291,-1.602088682,-1.602088682,0,,1,SNHG14,0,,False,False,,,,
PWS_G.10532,TACTGATCAGTGCTACATTA,dCas9-KRAB,chr15,24959692,24959712,25204839,25204859,pws_icr,pws_critical,2.24e-08,-1.654408131,-1.654408131,0,,1,SNHG14,0,,False,False,,,,
PWS_G.2150,CAAGAACCTGGCATATACGA,dCas9-KRAB,chr15,24959888,24959908,25205035,25205055,pws_icr,pws_critical,1.3e-29,-3.207363326,-3.207363326,0,,1,SNHG14,0,,False,False,,,,
PWS_G.6753,TCAAGAACCTGGCATATACG,dCas9-KRAB,chr15,24959889,24959909,25205036,25205056,pws_icr,pws_critical,3.48e-10,-1.916179154,-1.916179154,0,,1,SNHG14,0,,False,False,,,,
PWS_G.1352,AGGGCGCAATGGTTCATGGA,dCas9-KRAB,chr15,24960578,24960598,25205725,25205745,pws_icr,pws_critical,3.07e-18,-2.758697317,-2.758697317,0,,1,SNHG14,0,,False,False,,,,
PWS_G.10337,GTCCTCCAAACACATACAAG,dCas9-KRAB,chr15,24960667,24960687,25205814,25205834,pws_icr,pws_critical,1.75e-10,-1.989475819,-1.989475819,0,,1,SNHG14,0,,False,False,,,,
PWS_G.9009,AGTGAAAGGATAACCAGAAT,dCas9-KRAB,chr15,24961032,24961052,25206179,25206199,pws_icr,pws_critical,4.55e-20,-2.563403907,-2.563403907,0,,1,SNHG14,0,,False,False,,,,
PWS_G.3623,CTCATAAAATGGCTGCTCAA,dCas9-KRAB,chr15,24961501,24961521,25206648,25206668,pws_icr,pws_critical,0.005299755,-1.27534531,-1.27534531,0,,1,SNHG14,0,,False,False,,,,
PWS_G.2492,CAGTAGACATACTTATATAG,dCas9-KRAB,chr15,24961691,24961711,25206838,25206858,pws_icr,pws_critical,1.95e-10,-2.133425883,-2.133425883,0,,1,SNHG14,0,,False,False,,,,
PWS_G.5058,GCTGTTCTGTAGTTCGTCTC,dCas9-KRAB,chr15,24962129,24962149,25207276,25207296,pws_icr,pws_critical,2e-11,-2.624986644,-2.624986644,0,,1,SNHG14,0,,False,False,,,,
PWS_G.2502,CAGTCCTTCTGCGTTTGACT,dCas9-KRAB,chr15,24962171,24962191,25207318,25207338,pws_icr,pws_critical,0.000360614,-1.363389045,-1.363389045,0,,1,SNHG14,0,,False,False,,,,
PWS_G.6802,TCACTCTTGGTTGCTCAGTG,dCas9-KRAB,chr15,24962194,24962214,25207341,25207361,pws_icr,pws_critical,2.11e-19,-3.01932904,-3.01932904,0,,1,SNHG14,0,,False,False,,,,
PWS_G.552,ACACAGTCTGTACTCACTCT,dCas9-KRAB,chr15,24962207,24962227,25207354,25207374,pws_icr,pws_critical,2.71e-17,-2.175333143,-2.175333143,0,,1,SNHG14,0,,False,False,,,,
PWS_G.129,AAATGCACTTACCCACGTAT,dCas9-KRAB,chr15,24962424,24962444,25207571,25207591,pws_icr,pws_critical,1.23e-09,-2.032937326,-2.032937326,0,,1,SNHG14,0,,False,False,,,,
PWS_G.1958,ATGTGGACTAAATATGTATT,dCas9-KRAB,chr15,24962780,24962800,25207927,25207947,pws_icr,pws_critical,0.009137351,-1.131257391,-1.131257391,0,,1,SNHG14,0,,False,False,,,,
PWS_G.3887,CTTAATGATTATCTCTGGGG,dCas9-KRAB,chr15,24963021,24963041,25208168,25208188,pws_icr,pws_critical,0.009983584,-1.518979438,-1.518979438,0,,1,SNHG14,10,OCR_117433;OCR_117433;OCR_117433;OCR_117433;OCR_117433,True,False,,,,
PWS_G.2227,CACACACAATGCATAGGACA,dCas9-KRAB,chr15,24963059,24963079,25208206,25208226,pws_icr,pws_critical,9.28e-14,-2.277472303,-2.277472303,0,,1,SNHG14,10,OCR_117433;OCR_117433;OCR_117433;OCR_117433;OCR_117433,True,False,,,,
PWS_G.2754,CCACTACACACACAATGCAT,dCas9-KRAB,chr15,24963065,24963085,25208212,25208232,pws_icr,pws_critical,3.04e-26,-2.333600076,-2.333600076,0,,1,SNHG14,10,OCR_117433;OCR_117433;OCR_117433;OCR_117433;OCR_117433,True,False,,,,
PWS_G.9400,CAGGTAGACAACACCACGCC,dCas9-KRAB,chr15,24963890,24963910,25209037,25209057,pws_icr,pws_critical,0.002997056,-1.224625821,-1.224625821,0,,1,SNHG14,10,OCR_117433;OCR_117433;OCR_117433;OCR_117433;OCR_117433,True,False,,,,
PWS_G.9536,CCCTTCCACTTCAGCCTCCC,dCas9-KRAB,chr15,24963925,24963945,25209072,25209092,pws_icr,pws_critical,2.61e-22,-2.153777313,-2.153777313,0,,1,SNHG14,10,OCR_117433;OCR_117433;OCR_117433;OCR_117433;OCR_117433,True,False,,,,
PWS_G.10208,GGGAAAGAAACCAAGGCGGG,dCas9-KRAB,chr15,24964538,24964558,25209685,25209705,pws_icr,pws_critical,3.17e-13,-2.781671041,-2.781671041,0,,1,SNHG14,0,,False,False,,,,
PWS_G.11184,TTTGGGAAAGAAACCAAGGC,dCas9-KRAB,chr15,24964541,24964561,25209688,25209708,pws_icr,pws_critical,9.14e-14,-2.487517211,-2.487517211,0,,1,SNHG14,0,,False,False,,,,
PWS_G.10031,GCACTTTGGGAAAGAAACCA,dCas9-KRAB,chr15,24964545,24964565,25209692,25209712,pws_icr,pws_critical,3.13e-17,-2.278702716,-2.278702716,0,,1,SNHG14,0,,False,False,,,,
PWS_G.1470,AGTCCACACTGAGGTTACAT,dCas9-KRAB,chr15,24964779,24964799,25209926,25209946,pws_icr,pws_critical,1.84e-30,-2.582859186,-2.582859186,0,,1,SNHG14,0,,False,False,,,,
PWS_G.5870,GTAGGAAGTAGGAGATGAAT,dCas9-KRAB,chr15,24965160,24965180,25210307,25210327,pws_icr,pws_critical,2.17e-11,-2.489985221,-2.489985221,0,,1,SNHG14,0,,False,False,,,,
PWS_G.3899,CTTATGATTTGGTAGGAAGT,dCas9-KRAB,chr15,24965171,24965191,25210318,25210338,pws_icr,pws_critical,0.006278074,-1.263757143,-1.263757143,0,,1,SNHG14,0,,False,False,,,,
PWS_G.6948,TCCCAATACTACTTATGATT,dCas9-KRAB,chr15,24965182,24965202,25210329,25210349,pws_icr,pws_critical,5.07e-11,-1.752586834,-1.752586834,0,,1,SNHG14,0,,False,False,,,,
PWS_G.9332,CACAGCCAATGGCACCATCT,dCas9-KRAB,chr15,24965487,24965507,25210634,25210654,pws_icr,pws_critical,0.000148562,-1.448130196,-1.448130196,0,,1,SNHG14,0,,False,False,,,,
PWS_G.9458,CATTGAGGGGAATGTTCTGG,dCas9-KRAB,chr15,24966111,24966131,25211258,25211278,pws_icr,pws_critical,3.08e-09,-1.886531567,-1.886531567,0,,1,SNHG14,0,,False,False,,,,
PWS_G.9724,CTGCATTGAGGGGAATGTTC,dCas9-KRAB,chr15,24966114,24966134,25211261,25211281,pws_icr,pws_critical,4.3e-05,-2.144506659,-2.144506659,0,,1,SNHG14,0,,False,False,,,,
PWS_G.9967,GAGTTGGTGTCTGCATTGAG,dCas9-KRAB,chr15,24966124,24966144,25211271,25211291,pws_icr,pws_critical,1.28e-36,-3.455738513,-3.455738513,0,,1,SNHG14,0,,False,False,,,,
PWS_G.10172,GGAGTTGGTGTCTGCATTGA,dCas9-KRAB,chr15,24966125,24966145,25211272,25211292,pws_icr,pws_critical,3.93e-20,-2.439122503,-2.439122503,0,,1,SNHG14,0,,False,False,,,,
PWS_G.8874,AGACTGTTGGTCGGAAGTGT,dCas9-KRAB,chr15,24966170,24966190,25211317,25211337,pws_icr,pws_critical,6.16e-13,-2.657966257,-2.657966257,0,,1,SNHG14,0,,False,False,,,,
PWS_G.9558,CCTCAGAATCTATAGACTGT,dCas9-KRAB,chr15,24966183,24966203,25211330,25211350,pws_icr,pws_critical,6.12e-08,-1.88652993,-1.88652993,0,,1,SNHG14,0,,False,False,,,,
PWS_G.8978,AGGTAATGCATCCTGAGGAC,dCas9-KRAB,chr15,24966358,24966378,25211505,25211525,pws_icr,pws_critical,4.65e-05,-2.369836184,-2.369836184,0,,1,SNHG14,0,,False,False,,,,
PWS_G.10252,GGTGATATACGCTAATGTGC,dCas9-KRAB,chr15,24966378,24966398,25211525,25211545,pws_icr,pws_critical,0.000449339,-1.395318652,-1.395318652,0,,1,SNHG14,0,,False,False,,,,
PWS_G.10274,GGTTTTGAGCAAGCCCTCCT,dCas9-KRAB,chr15,24966517,24966537,25211664,25211684,pws_icr,pws_critical,4.93e-08,-3.315175744,-3.315175744,0,,1,SNHG14,0,,False,False,,,,
PWS_G.10559,TAGGATCACACCTGAGTTCT,dCas9-KRAB,chr15,24966606,24966626,25211753,25211773,pws_icr,pws_critical,3.38e-16,-2.438583431,-2.438583431,0,,1,SNHG14,0,,False,False,,,,
PWS_G.3981,CTTGTTGGCATGTAAGGATT,dCas9-KRAB,chr15,24966798,24966818,25211945,25211965,pws_icr,pws_critical,9.61e-12,-2.258282722,-2.258282722,0,,1,SNHG14,0,,False,False,,,,
PWS_G.725,ACCCCTATGAATCAGTAACC,dCas9-KRAB,chr15,24966910,24966930,25212057,25212077,pws_icr,pws_critical,5.56e-19,-1.960881755,-1.960881755,0,,1,SNHG14,0,,False,False,,,,
PWS_G.2187,CAATCATCTACTGGTAAGCA,dCas9-KRAB,chr15,24966958,24966978,25212105,25212125,pws_icr,pws_critical,0.007028344,-1.128592572,-1.128592572,0,,1,SNHG14,0,,False,False,,,,
PWS_G.4101,GAACTTCCAGGGCTATTTAA,dCas9-KRAB,chr15,24966999,24967019,25212146,25212166,pws_icr,pws_critical,1.96e-08,-1.971614406,-1.971614406,0,,1,SNHG14,0,,False,False,,,,
PWS_G.7102,TCTACACAGAGATTGTACAA,dCas9-KRAB,chr15,24967269,24967289,25212416,25212436,pws_icr,pws_critical,1.92e-07,-1.743647622,-1.743647622,0,,1,SNHG14,0,,False,False,,,,
PWS_G.3695,CTCTACACAGAGATTGTACA,dCas9-KRAB,chr15,24967270,24967290,25212417,25212437,pws_icr,pws_critical,0.007411528,-1.227670291,-1.227670291,0,,1,SNHG14,0,,False,False,,,,
PWS_G.9343,CACCACAAACACTGCCTTCG,dCas9-KRAB,chr15,24967733,24967753,25212880,25212900,pws_icr,pws_critical,1.04e-05,-1.488590231,-1.488590231,0,,1,SNHG14,0,,False,False,,,,
PWS_G.1678,ATATGGCTTTAACCACCTCT,dCas9-KRAB,chr15,24968026,24968046,25213173,25213193,pws_icr,pws_critical,6.3e-19,-2.733869687,-2.733869687,0,,1,SNHG14,0,,False,False,,,,
PWS_G.4556,GATTCCTCGCTACTCCAATA,dCas9-KRAB,chr15,24968043,24968063,25213190,25213210,pws_icr,pws_critical,5.38e-15,-2.68786749,-2.68786749,0,,1,SNHG14,0,,False,False,,,,
PWS_G.8171,TTGCTGCATTAGCTCTAACC,dCas9-KRAB,chr15,24968082,24968102,25213229,25213249,pws_icr,pws_critical,0.002720128,-1.880511123,-1.880511123,0,,1,SNHG14,0,,False,False,,,,
PWS_G.4045,GAAACATGACGAAAGTGTCA,dCas9-KRAB,chr15,24968251,24968271,25213398,25213418,pws_icr,pws_critical,1.66e-07,-1.991236179,-1.991236179,0,,1,SNHG14,0,,False,False,,,,
PWS_G.990,AGAAACATGACGAAAGTGTC,dCas9-KRAB,chr15,24968252,24968272,25213399,25213419,pws_icr,pws_critical,2.72e-08,-2.523224293,-2.523224293,0,,1,SNHG14,0,,False,False,,,,
PWS_G.81,AAAGCATGCGCTACAATAAC,dCas9-KRAB,chr15,24968280,24968300,25213427,25213447,pws_icr,pws_critical,5.01e-16,-2.663194938,-2.663194938,0,,1,SNHG14,0,,False,False,,,,
PWS_G.1654,ATAGTAAACTCTCAGAAATG,dCas9-KRAB,chr15,24968969,24968989,25214116,25214136,pws_icr,pws_critical,0.000686391,-1.314618326,-1.314618326,0,,1,SNHG14,0,,False,False,,,,
PWS_G.6168,GTGTATAAAGGATTCAAGAA,dCas9-KRAB,chr15,24969479,24969499,25214626,25214646,pws_icr,pws_critical,0.001163562,-2.123480125,-2.123480125,0,,1,SNHG14,0,,False,False,,,,
PWS_G.3890,CTTACTCAAGGGAAAAGCTT,dCas9-KRAB,chr15,24969548,24969568,25214695,25214715,pws_icr,pws_critical,8.36e-06,-1.99513121,-1.99513121,0,,1,SNHG14,0,,False,False,,,,
PWS_G.870,ACTAGTAATGGGTACTATTT,dCas9-KRAB,chr15,24969765,24969785,25214912,25214932,pws_icr,pws_critical,8.69e-10,-1.852308842,-1.852308842,0,,1,SNHG14,0,,False,False,,,,
PWS_G.8061,TTCTACAGGAATACTAGTAA,dCas9-KRAB,chr15,24969777,24969797,25214924,25214944,pws_icr,pws_critical,4.26e-14,-2.408736712,-2.408736712,0,,1,SNHG14,0,,False,False,,,,
PWS_G.2284,CACCCTGCATCCCAACTACT,dCas9-KRAB,chr15,24970664,24970684,25215811,25215831,pws_icr,pws_critical,2.51e-22,-1.970769182,-1.970769182,0,,1,SNHG14,0,,False,False,,,,
PWS_G.5639,GGGTGGTACTGAGAAACTAA,dCas9-KRAB,chr15,24970775,24970795,25215922,25215942,pws_icr,pws_critical,2.18e-15,-2.782684189,-2.782684189,0,,1,SNHG14,0,,False,False,,,,
PWS_G.1534,AGTGTATCTTCTGAGATCAA,dCas9-KRAB,chr15,24971227,24971247,25216374,25216394,pws_icr,pws_critical,0.001559805,-2.490779743,-2.490779743,0,,1,SNHG14,0,,False,False,,,,
PWS_G.4247,GACCTCCTACAGCAGTTAAA,dCas9-KRAB,chr15,24971458,24971478,25216605,25216625,pws_icr,pws_critical,1.67e-15,-2.736249642,-2.736249642,0,,1,SNHG14,0,,False,False,,,,
PWS_G.8689,ACATCTAGGGATGTGAGTTA,dCas9-KRAB,chr15,24971604,24971624,25216751,25216771,pws_icr,pws_critical,1.32e-05,-1.628307687,-1.628307687,0,,1,SNHG14,0,,False,False,,,,
PWS_G.8886,AGAGGTATGAAACACATCTA,dCas9-KRAB,chr15,24971617,24971637,25216764,25216784,pws_icr,pws_critical,5.9800000000000004e-27,-2.472025475,-2.472025475,0,,1,SNHG14,0,,False,False,,,,
PWS_G.9484,CCACAAGCTTAGCGGTCCAG,dCas9-KRAB,chr15,24971635,24971655,25216782,25216802,pws_icr,pws_critical,0.005117034,-1.186077485,-1.186077485,0,,1,SNHG14,0,,False,False,,,,
PWS_G.8669,AATGTTTCCAGAGTAGTTCA,dCas9-KRAB,chr15,24971844,24971864,25216991,25217011,pws_icr,pws_critical,2.29e-07,-2.038868779,-2.038868779,0,,1,SNHG14,0,,False,False,,,,
PWS_G.1184,AGCCATCCAAAGAGACAACA,dCas9-KRAB,chr15,24971912,24971932,25217059,25217079,pws_icr,pws_critical,1.44e-06,-1.673857075,-1.673857075,0,,1,SNHG14,0,,False,False,,,,
PWS_G.465,AATGCCTGGCTGTCATTCAG,dCas9-KRAB,chr15,24972513,24972533,25217660,25217680,pws_icr,pws_critical,1.41e-08,-2.142047264,-2.142047264,0,,1,SNHG14,0,,False,False,,,,
PWS_G.10972,TGTTAAACAGAGAAGAGGCT,dCas9-KRAB,chr15,24973185,24973205,25218332,25218352,pws_icr,pws_critical,1.01e-14,-2.899176831,-2.899176831,0,,1,SNHG14,0,,False,False,,,,
PWS_G.9188,ATGTTAAACAGAGAAGAGGC,dCas9-KRAB,chr15,24973186,24973206,25218333,25218353,pws_icr,pws_critical,0.000262063,-2.080698681,-2.080698681,0,,1,SNHG14,0,,False,False,,,,
PWS_G.10507,TACAATGTTAAACAGAGAAG,dCas9-KRAB,chr15,24973190,24973210,25218337,25218357,pws_icr,pws_critical,4.99e-09,-2.278566162,-2.278566162,0,,1,SNHG14,0,,False,False,,,,
PWS_G.8726,ACAGAGTCTACTATACTCTT,dCas9-KRAB,chr15,24973283,24973303,25218430,25218450,pws_icr,pws_critical,2.4e-12,-2.307791498,-2.307791498,0,,1,SNHG14,0,,False,False,,,,
PWS_G.6795,TCACGTAATGGGGACACATT,dCas9-KRAB,chr15,24973369,24973389,25218516,25218536,pws_icr,pws_critical,1.76e-13,-2.428377833,-2.428377833,0,,1,SNHG14,0,,False,False,,,,
PWS_G.855,ACGTTAACGGCCGGGTGAGG,dCas9-KRAB,chr15,24973688,24973708,25218835,25218855,pws_icr,pws_critical,0.015017315,-1.192625368,-1.192625368,0,,1,SNHG14,0,,False,False,,,,
PWS_G.1699,ATCACGTTAACGGCCGGGTG,dCas9-KRAB,chr15,24973691,24973711,25218838,25218858,pws_icr,pws_critical,0.024160876,-1.339852056,-1.339852056,0,,1,SNHG14,0,,False,False,,,,
PWS_G.105,AAAGTTATAAATCACGTTAA,dCas9-KRAB,chr15,24973701,24973721,25218848,25218868,pws_icr,pws_critical,0.005703726,-1.42153833,-1.42153833,0,,1,SNHG14,0,,False,False,,,,
PWS_G.2540,CATACTAGCTTCCTCACCAA,dCas9-KRAB,chr15,24974179,24974199,25219326,25219346,pws_icr,pws_critical,4.25e-20,-2.270647557,-2.270647557,0,,1,SNHG14,0,,False,False,,,,
PWS_G.6855,TCATACTAGCTTCCTCACCA,dCas9-KRAB,chr15,24974180,24974200,25219327,25219347,pws_icr,pws_critical,4.64e-08,-1.420183009,-1.420183009,0,,1,SNHG14,0,,False,False,,,,
PWS_G.2361,CAGAAGCTTCAAAGAGTAGA,dCas9-KRAB,chr15,24974317,24974337,25219464,25219484,pws_icr,pws_critical,0.000688264,-1.878484742,-1.878484742,0,,1,SNHG14,0,,False,False,,,,
PWS_G.5075,GCTTCTGAAGACCTAGGGGA,dCas9-KRAB,chr15,24974390,24974410,25219537,25219557,pws_icr,pws_critical,1.84e-11,-2.561403094,-2.561403094,0,,1,SNHG14,0,,False,False,,,,
PWS_G.4601,GCAATGAGAATCCATATCCA,dCas9-KRAB,chr15,24974571,24974591,25219718,25219738,pws_icr,pws_critical,0.000196767,-2.174400392,-2.174400392,0,,1,SNHG14,0,,False,False,,,,
PWS_G.4665,GCAGGACAGTCCTTCACCAC,dCas9-KRAB,chr15,24974921,24974941,25220068,25220088,pws_icr,pws_critical,6.73e-18,-2.462699763,-2.462699763,0,,1,SNHG14,0,,False,False,,,,
PWS_G.3164,CCTGAGAGTCCATCATCTGC,dCas9-KRAB,chr15,24974939,24974959,25220086,25220106,pws_icr,pws_critical,6.91e-06,-2.151186138,-2.151186138,0,,1,SNHG14,0,,False,False,,,,
PWS_G.3508,CTAACTACTTCAGTTACCCT,dCas9-KRAB,chr15,24975590,24975610,25220737,25220757,pws_icr,pws_critical,0.001502964,-2.510140484,-2.510140484,0,,1,SNHG14,0,,False,False,,,,
PWS_G.487,AATTCAGAGATCAGGTCAAG,dCas9-KRAB,chr15,24975645,24975665,25220792,25220812,pws_icr,pws_critical,0.004179031,-1.235705227,-1.235705227,0,,1,SNHG14,0,,False,False,,,,
PWS_G.7161,TCTGACCTAATTCAGAGATC,dCas9-KRAB,chr15,24975653,24975673,25220800,25220820,pws_icr,pws_critical,4.75e-10,-1.858891694,-1.858891694,0,,1,SNHG14,0,,False,False,,,,
PWS_G.5277,GGCAAAGAGAGGATACCAAA,dCas9-KRAB,chr15,24975894,24975914,25221041,25221061,pws_icr,pws_critical,7.33e-28,-2.991450807,-2.991450807,0,,1,SNHG14,0,,False,False,,,,
PWS_G.4076,GAACAGTGATAGGCAAAGAG,dCas9-KRAB,chr15,24975905,24975925,25221052,25221072,pws_icr,pws_critical,3.15e-07,-2.348851794,-2.348851794,0,,1,SNHG14,0,,False,False,,,,
PWS_G.6055,GTGACACAGAACTGAAATAA,dCas9-KRAB,chr15,24975928,24975948,25221075,25221095,pws_icr,pws_critical,0.000278112,-1.593214793,-1.593214793,0,,1,SNHG14,0,,False,False,,,,
PWS_G.1798,ATCTTCCTTACATCTTTGGG,dCas9-KRAB,chr15,24976408,24976428,25221555,25221575,pws_icr,pws_critical,0.039478331,-1.182806865,-1.182806865,0,,1,SNHG14,0,,False,False,,,,
PWS_G.2930,CCCCTAATCCCGAATAGCAT,dCas9-KRAB,chr15,24976565,24976585,25221712,25221732,pws_icr,pws_critical,6.18e-10,-1.813681811,-1.813681811,0,,1,SNHG14,0,,False,False,,,,
PWS_G.684,ACCAACTCCTACCCTTACCT,dCas9-KRAB,chr15,24976622,24976642,25221769,25221789,pws_icr,pws_critical,2.81e-50,-2.563521175,-2.563521175,0,,1,SNHG14,0,,False,False,,,,
PWS_G.7633,TGGGGAATTGGCACACCAGC,dCas9-KRAB,chr15,24976955,24976975,25222102,25222122,pws_icr,pws_critical,7.37e-08,-2.124010333,-2.124010333,0,,1,SNHG14,0,,False,False,,,,
PWS_G.5970,GTCCCCCAACTCCTCGGACA,dCas9-KRAB,chr15,24976999,24977019,25222146,25222166,pws_icr,pws_critical,7.400000000000001e-22,-2.510656707,-2.510656707,0,,1,SNHG14,0,,False,False,,,,
PWS_G.2036,ATTGTATGACACATACACTT,dCas9-KRAB,chr15,24977105,24977125,25222252,25222272,pws_icr,pws_critical,0.008141261,-1.044578704,-1.044578704,0,,1,SNHG14,0,,False,False,,,,
PWS_G.904,ACTCTTGCCAAGAGTAACCT,dCas9-KRAB,chr15,24977226,24977246,25222373,25222393,pws_icr,pws_critical,3.36e-22,-3.061223418,-3.061223418,0,,1,SNHG14,0,,False,False,,,,
PWS_G.1467,AGTCATTACCTGAGAAGGCA,dCas9-KRAB,chr15,24977767,24977787,25222914,25222934,pws_icr,pws_critical,6.389999999999999e-34,-2.618880452,-2.618880452,0,,1,SNHG14,0,,False,False,,,,
PWS_G.7831,TGTTGGGGCTCCAGCAATAC,dCas9-KRAB,chr15,24977836,24977856,25222983,25223003,pws_icr,pws_critical,2.0600000000000002e-21,-3.32266277,-3.32266277,0,,1,SNHG14,0,,False,False,,,,
PWS_G.5395,GGCGGAGTGCCCCGTCCTGG,dCas9-KRAB,chr15,24977865,24977885,25223012,25223032,pws_icr,pws_critical,2.6700000000000002e-27,-2.859301332,-2.859301332,0,,1,SNHG14,0,,False,False,,,,
PWS_G.5649,GGGTTGCTCTGCCGACGGGT,dCas9-KRAB,chr15,24977888,24977908,25223035,25223055,pws_icr,pws_critical,0.000142592,-1.570463965,-1.570463965,0,,1,SNHG14,0,,False,False,,,,
PWS_G.5615,GGGGTTGCTCTGCCGACGGG,dCas9-KRAB,chr15,24977889,24977909,25223036,25223056,pws_icr,pws_critical,0.00109253,-1.97196647,-1.97196647,0,,1,SNHG14,0,,False,False,,,,
PWS_G.2193,CAATCCCTTACCTGGAGGTG,dCas9-KRAB,chr15,24977908,24977928,25223055,25223075,pws_icr,pws_critical,0.004903767,-1.23499917,-1.23499917,0,,1,SNHG14,0,,False,False,,,,
PWS_G.689,ACCAATCCCTTACCTGGAGG,dCas9-KRAB,chr15,24977910,24977930,25223057,25223077,pws_icr,pws_critical,7.49e-22,-2.400710873,-2.400710873,0,,1,SNHG14,0,,False,False,,,,
PWS_G.7979,TTCACCAATCCCTTACCTGG,dCas9-KRAB,chr15,24977913,24977933,25223060,25223080,pws_icr,pws_critical,2.5e-17,-2.280034864,-2.280034864,0,,1,SNHG14,0,,False,False,,,,
PWS_G.6199,GTGTTCACCAATCCCTTACC,dCas9-KRAB,chr15,24977916,24977936,25223063,25223083,pws_icr,pws_critical,0.005615921,-2.268044426,-2.268044426,0,,1,SNHG14,0,,False,False,,,,
PWS_G.2034,ATTGGCGTCCCTCGAGCAGG,dCas9-KRAB,chr15,24978252,24978272,25223399,25223419,pws_icr,pws_critical,1.55e-05,-1.932889111,-1.932889111,0,,1,SNHG14,0,,False,False,,,,
PWS_G.6726,TATTGGCGTCCCTCGAGCAG,dCas9-KRAB,chr15,24978253,24978273,25223400,25223420,pws_icr,pws_critical,5.64e-08,-1.91322305,-1.91322305,0,,1,SNHG14,0,,False,False,,,,
PWS_G.3590,CTATTGGCGTCCCTCGAGCA,dCas9-KRAB,chr15,24978254,24978274,25223401,25223421,pws_icr,pws_critical,7.01e-07,-1.534986649,-1.534986649,0,,1,SNHG14,0,,False,False,,,,
PWS_G.6791,TCACCTCTAATGCCTGGTGG,dCas9-KRAB,chr15,24978303,24978323,25223450,25223470,pws_icr,pws_critical,7.3e-05,-1.272801737,-1.272801737,0,,1,SNHG14,0,,False,False,,,,
PWS_G.6952,TCCCACTCACCTCTAATGCC,dCas9-KRAB,chr15,24978309,24978329,25223456,25223476,pws_icr,pws_critical,0.005985769,-0.933399052,-0.933399052,0,,1,SNHG14,0,,False,False,,,,
PWS_G.6567,TAGAGGTGAGTGGGAGCATA,dCas9-KRAB,chr15,24978314,24978334,25223461,25223481,pws_icr,pws_critical,0.000180256,-1.75390538,-1.75390538,0,,1,SNHG14,0,,False,False,,,,
PWS_G.7224,TCTTGGTGGACGCATTCCTG,dCas9-KRAB,chr15,24978419,24978439,25223566,25223586,pws_icr,pws_critical,8.32e-09,-2.668398801,-2.668398801,0,,1,SNHG14,0,,False,False,,,,
PWS_G.6867,TCATGACCCGGGGGTTTAAG,dCas9-KRAB,chr15,24978765,24978785,25223912,25223932,pws_icr,pws_critical,0.001800712,1.182100822,1.182100822,0,,1,SNHG14,0,,False,False,,,,
PWS_G.4610,GCACAACCACTTAAACCCCC,dCas9-KRAB,chr15,24978774,24978794,25223921,25223941,pws_icr,pws_critical,7.55e-22,2.953279707,2.953279707,0,,1,SNHG14,0,,False,False,,,,
PWS_G.1442,AGTATATAGGTGGCCTTACA,dCas9-KRAB,chr15,24978873,24978893,25224020,25224040,pws_icr,pws_critical,1.7e-14,2.645133297,2.645133297,0,,1,SNHG14,10,OCR_117434;OCR_117434;OCR_117434;OCR_117434;OCR_117434,True,False,,,,
PWS_G.4835,GCCTTGATATGTAATGAGCA,dCas9-KRAB,chr15,24978921,24978941,25224068,25224088,pws_icr,pws_critical,1.9e-23,2.711946068,2.711946068,0,,1,SNHG14,10,OCR_117434;OCR_117434;OCR_117434;OCR_117434;OCR_117434,True,False,,,,
PWS_G.648,ACATCCTCTATTCTGATCAT,dCas9-KRAB,chr15,24979008,24979028,25224155,25224175,pws_icr,pws_critical,9.490000000000001e-33,2.720612586,2.720612586,0,,1,SNHG14,10,OCR_117434;OCR_117434;OCR_117434;OCR_117434;OCR_117434,True,False,,,,
PWS_G.8227,TTGTCACTTGGTGATACCAC,dCas9-KRAB,chr15,24979219,24979239,25224366,25224386,pws_icr,pws_critical,4.92e-08,2.779301214,2.779301214,0,,1,SNHG14,10,OCR_117434;OCR_117434;OCR_117434;OCR_117434;OCR_117434,True,False,,,,
PWS_G.6239,GTTCCATAACCAATTCAAAC,dCas9-KRAB,chr15,24979283,24979303,25224430,25224450,pws_icr,pws_critical,6.15e-10,1.942775334,1.942775334,0,,1,SNHG14,10,OCR_117434;OCR_117434;OCR_117434;OCR_117434;OCR_117434,True,False,,,,
PWS_G.558,ACACCAATCTCTTTAGTGCT,dCas9-KRAB,chr15,24979408,24979428,25224555,25224575,pws_icr,pws_critical,2.58e-10,2.086374518,2.086374518,0,,1,SNHG14,10,OCR_117434;OCR_117434;OCR_117434;OCR_117434;OCR_117434,True,False,,,,
PWS_G.6059,GTGACATTCACAACCACTCC,dCas9-KRAB,chr15,24979485,24979505,25224632,25224652,pws_icr,pws_critical,2.5900000000000003e-21,3.047138655,3.047138655,0,,1,SNHG14,10,OCR_117434;OCR_117434;OCR_117434;OCR_117434;OCR_117434,True,False,,,,
PWS_G.2475,CAGGTAAAGTACTTTGGTTG,dCas9-KRAB,chr15,24979762,24979782,25224909,25224929,pws_icr,pws_critical,0.04569386,1.34955588,1.34955588,0,,1,SNHG14,10,OCR_117434;OCR_117434;OCR_117434;OCR_117434;OCR_117434,True,False,,,,
PWS_G.6532,TACTACCCCACGGTTTGTAG,dCas9-KRAB,chr15,24979847,24979867,25224994,25225014,pws_icr,pws_critical,0.001223982,1.357108412,1.357108412,0,,1,SNHG14,10,OCR_117434;OCR_117434;OCR_117434;OCR_117434;OCR_117434,True,False,,,,
PWS_G.4681,GCAGTATGGGAAGAAATCAC,dCas9-KRAB,chr15,24979880,24979900,25225027,25225047,pws_icr,pws_critical,4.62e-07,2.183445691,2.183445691,0,,1,SNHG14,10,OCR_117434;OCR_117434;OCR_117434;OCR_117434;OCR_117434,True,False,,,,
PWS_G.4129,GAAGTAGTTCCAGAGCAGTA,dCas9-KRAB,chr15,24979894,24979914,25225041,25225061,pws_icr,pws_critical,0.00106942,2.440869778,2.440869778,0,,1,SNHG14,10,OCR_117434;OCR_117434;OCR_117434;OCR_117434;OCR_117434,True,False,,,,
PWS_G.6800,TCACTCATGCCAAAATCTAA,dCas9-KRAB,chr15,24979991,24980011,25225138,25225158,pws_icr,pws_critical,0.004910997,1.265740334,1.265740334,0,,1,SNHG14,10,OCR_117434;OCR_117434;OCR_117434;OCR_117434;OCR_117434,True,False,,,,
PWS_G.5900,GTATCAGAGGTAAACATACC,dCas9-KRAB,chr15,24981191,24981211,25226338,25226358,pws_icr,pws_critical,2.28e-11,-3.49212307,-3.49212307,0,,1,SNHG14,0,,False,False,,,,
PWS_G.3536,CTACCTGCTGAAATCAGTGA,dCas9-KRAB,chr15,24981216,24981236,25226363,25226383,pws_icr,pws_critical,0.000137938,-1.35314311,-1.35314311,0,,1,SNHG14,0,,False,False,,,,
PWS_G.8290,TTTCAGAGGCATCAACTAAG,dCas9-KRAB,chr15,24981801,24981821,25226948,25226968,pws_icr,pws_critical,4.13e-06,-1.779199287,-1.779199287,0,,1,SNHG14,0,,False,False,,,,
PWS_G.7097,TCGTTGTGACACTACTGAGT,dCas9-KRAB,chr15,24981872,24981892,25227019,25227039,pws_icr,pws_critical,3.15e-08,-1.645314226,-1.645314226,0,,1,SNHG14,0,,False,False,,,,
PWS_G.6016,GTCTAGTGAGGCACACTGAC,dCas9-KRAB,chr15,24982071,24982091,25227218,25227238,pws_icr,pws_critical,6.3e-12,-2.480377333,-2.480377333,0,,1,SNHG14,0,,False,False,,,,
PWS_G.9329,CACACCTACAATACCAGCTG,dCas9-KRAB,chr15,24982846,24982866,25227993,25228013,pws_icr,pws_critical,1.05e-05,-1.631827649,-1.631827649,0,,1,SNHG14,0,,False,False,,,,
PWS_G.244,AACTCAAATGACCTCTATCT,dCas9-KRAB,chr15,24983015,24983035,25228162,25228182,pws_icr,pws_critical,0.000285916,-1.208516889,-1.208516889,0,,1,SNHG14,0,,False,False,,,,
PWS_G.6399,TAACTCAAATGACCTCTATC,dCas9-KRAB,chr15,24983016,24983036,25228163,25228183,pws_icr,pws_critical,0.007211223,-1.130606577,-1.130606577,0,,1,SNHG14,0,,False,False,,,,
PWS_G.4596,GCAAGGTAGTAAACAAGTGC,dCas9-KRAB,chr15,24983050,24983070,25228197,25228217,pws_icr,pws_critical,0.000224074,-1.712255122,-1.712255122,0,,1,SNHG14,0,,False,False,,,,
PWS_G.2895,CCCATCTCACCATGCAAGAG,dCas9-KRAB,chr15,24983462,24983482,25228609,25228629,pws_icr,pws_critical,7.26e-06,-1.554601243,-1.554601243,0,,1,SNHG14,0,,False,False,,,,
PWS_G.4535,GATGTACAACCTAACCCTCA,dCas9-KRAB,chr15,24984217,24984237,25229364,25229384,pws_icr,pws_critical,0.013495556,-1.044075505,-1.044075505,0,,1,SNHG14,0,,False,False,,,,
PWS_G.1659,ATAGTGTATCTCTACCCATA,dCas9-KRAB,chr15,24985012,24985032,25230159,25230179,pws_icr,pws_critical,0.025006232,-0.904253886,-0.904253886,0,,1,SNHG14,0,,False,False,,,,
PWS_G.4434,GAGTCCTTAGACTGACAGTA,dCas9-KRAB,chr15,24985172,24985192,25230319,25230339,pws_icr,pws_critical,0.00189485,-1.487065229,-1.487065229,0,,1,SNHG14,0,,False,False,,,,
PWS_G.6677,TATCCTTAACCTGTACTGAT,dCas9-KRAB,chr15,24985250,24985270,25230397,25230417,pws_icr,pws_critical,6.37e-05,-1.140994398,-1.140994398,0,,1,SNHG14,0,,False,False,,,,
PWS_G.753,ACCGGGTGATGCAAGCAACA,dCas9-KRAB,chr15,24985705,24985725,25230852,25230872,pws_icr,pws_critical,0.005710452,-1.308720392,-1.308720392,0,,1,SNHG14,0,,False,False,,,,
PWS_G.6038,GTCTTGTAAAGATACAGCAA,dCas9-KRAB,chr15,24985920,24985940,25231067,25231087,pws_icr,pws_critical,0.045157195,-1.24054427,-1.24054427,0,,1,SNHG14,0,,False,False,,,,
PWS_G.574,ACACTACACCTCAACATATC,dCas9-KRAB,chr15,24986662,24986682,25231809,25231829,pws_icr,pws_critical,0.000404064,-1.168843625,-1.168843625,0,,1,SNHG14,0,,False,False,,,,
PWS_G.5167,GGACCTCACGCTCCCTTTGC,dCas9-KRAB,chr15,24986977,24986997,25232124,25232144,pws_icr,pws_critical,0.00025483,-1.295131237,-1.295131237,0,,1,SNHG14,0,,False,False,,,,
PWS_G.6655,TATAGAAGCTAACATGGGAA,dCas9-KRAB,chr15,24987314,24987334,25232461,25232481,pws_icr,pws_critical,9.26e-07,-2.004140689,-2.004140689,0,,1,SNHG14,0,,False,False,,,,
PWS_G.8326,TTTGCCTGTACTCTACTAGA,dCas9-KRAB,chr15,24989187,24989207,25234334,25234354,pws_icr,pws_critical,0.000979073,-1.430110855,-1.430110855,0,,1,SNHG14,0,,False,False,,,,
PWS_G.1237,AGCTAGCCTGAAGCAGGTGG,dCas9-KRAB,chr15,24989453,24989473,25234600,25234620,pws_icr,pws_critical,2.32e-06,-1.804694666,-1.804694666,0,,1,SNHG14,0,,False,False,,,,
PWS_G.6076,GTGAGCTAGCCTGAAGCAGG,dCas9-KRAB,chr15,24989456,24989476,25234603,25234623,pws_icr,pws_critical,9.1e-05,-2.235224223,-2.235224223,0,,1,SNHG14,0,,False,False,,,,
PWS_G.2819,CCAGTGAGCTAGCCTGAAGC,dCas9-KRAB,chr15,24989459,24989479,25234606,25234626,pws_icr,pws_critical,0.000118198,-1.620544173,-1.620544173,0,,1,SNHG14,0,,False,False,,,,
PWS_G.6411,TAAGATGACAGAGCCCTCAC,dCas9-KRAB,chr15,24990058,24990078,25235205,25235225,pws_icr,pws_critical,9.12e-07,-1.55820656,-1.55820656,0,,1,SNHG14,10,OCR_117435;OCR_117435;OCR_117435;OCR_117435;OCR_117435,True,False,,,,
PWS_G.219,AACCTGAGGTTAGCAGCAAG,dCas9-KRAB,chr15,24990107,24990127,25235254,25235274,pws_icr,pws_critical,0.000157568,-1.812893364,-1.812893364,0,,1,SNHG14,10,OCR_117435;OCR_117435;OCR_117435;OCR_117435;OCR_117435,True,False,,,,
PWS_G.4087,GAACCTGAGGTTAGCAGCAA,dCas9-KRAB,chr15,24990108,24990128,25235255,25235275,pws_icr,pws_critical,0.000225931,-2.062976373,-2.062976373,0,,1,SNHG14,10,OCR_117435;OCR_117435;OCR_117435;OCR_117435;OCR_117435,True,False,,,,
PWS_G.6572,TAGATGAACTAAAGAACCTG,dCas9-KRAB,chr15,24990121,24990141,25235268,25235288,pws_icr,pws_critical,0.004803586,-1.369665245,-1.369665245,0,,1,SNHG14,10,OCR_117435;OCR_117435;OCR_117435;OCR_117435;OCR_117435,True,False,,,,
PWS_G.7179,TCTGGACTATGGCTCTACAG,dCas9-KRAB,chr15,24990628,24990648,25235775,25235795,pws_icr,pws_critical,6.16e-09,2.188261062,2.188261062,0,,1,SNHG14,10,OCR_117435;OCR_117435;OCR_117435;OCR_117435;OCR_117435,True,False,,,,
PWS_G.3391,CGGCATTCTGGGGATGAATC,dCas9-KRAB,chr15,24990700,24990720,25235847,25235867,pws_icr,pws_critical,2.51e-10,2.200319261,2.200319261,0,,1,SNHG14,10,OCR_117435;OCR_117435;OCR_117435;OCR_117435;OCR_117435,True,False,,,,
PWS_G.6067,GTGACTCAGACGGCATTCTG,dCas9-KRAB,chr15,24990710,24990730,25235857,25235877,pws_icr,pws_critical,0.000106096,2.378171765,2.378171765,0,,1,SNHG14,10,OCR_117435;OCR_117435;OCR_117435;OCR_117435;OCR_117435,True,False,,,,
PWS_G.7767,TGTGACTCAGACGGCATTCT,dCas9-KRAB,chr15,24990711,24990731,25235858,25235878,pws_icr,pws_critical,0.002331275,2.563916535,2.563916535,0,,1,SNHG14,10,OCR_117435;OCR_117435;OCR_117435;OCR_117435;OCR_117435,True,False,,,,
PWS_G.3861,CTGTGACTCAGACGGCATTC,dCas9-KRAB,chr15,24990712,24990732,25235859,25235879,pws_icr,pws_critical,3.16e-09,2.106618853,2.106618853,0,,1,SNHG14,10,OCR_117435;OCR_117435;OCR_117435;OCR_117435;OCR_117435,True,False,,,,
PWS_G.3780,CTGCCACGCTGTGACTCAGA,dCas9-KRAB,chr15,24990720,24990740,25235867,25235887,pws_icr,pws_critical,1.29e-16,2.30817989,2.30817989,0,,1,SNHG14,10,OCR_117435;OCR_117435;OCR_117435;OCR_117435;OCR_117435,True,False,,,,
PWS_G.6931,TCCATATATTCCTGCAGGGT,dCas9-KRAB,chr15,24990836,24990856,25235983,25236003,pws_icr,pws_critical,3.12e-11,2.052004333,2.052004333,0,,1,SNHG14,10,OCR_117435;OCR_117435;OCR_117435;OCR_117435;OCR_117435,True,False,,,,
PWS_G.1716,ATCATGTGCAGGGCTTTTAC,dCas9-KRAB,chr15,24991015,24991035,25236162,25236182,pws_icr,pws_critical,4.56e-07,1.795506996,1.795506996,0,,1,SNHG14,10,OCR_117435;OCR_117435;OCR_117435;OCR_117435;OCR_117435,True,False,,,,
PWS_G.2882,CCCACTCTACCACACAGGTT,dCas9-KRAB,chr15,24994131,24994151,25239278,25239298,pws_icr,pws_critical,0.000428112,-0.958718605,-0.958718605,0,,1,SNHG14,10,OCR_117436;OCR_117436;OCR_117436;OCR_117436;OCR_117436,True,False,,,,
PWS_G.8474,AAAATGAGGTGCTCTTTACT,dCas9-KRAB,chr15,24994447,24994467,25239594,25239614,pws_icr,pws_critical,0.041744541,-1.007957646,-1.007957646,0,,1,SNHG14,10,OCR_117436;OCR_117436;OCR_117436;OCR_117436;OCR_117436,True,False,,,,
PWS_G.4944,GCTACAATGAAACTTTGGAG,dCas9-KRAB,chr15,25000614,25000634,25245761,25245781,pws_icr,pws_critical,0.02280736,-1.015683592,-1.015683592,0,,1,SNHG14,0,,False,False,,,,
PWS_G.9014,AGTGACCGACACACCCACCT,dCas9-KRAB,chr15,25000910,25000930,25246057,25246077,pws_icr,pws_critical,0.001481147,-0.890608819,-0.890608819,0,,1,SNHG14,0,,False,False,,,,
PWS_G.9796,CTTGTTTTTCATTATGAAAC,dCas9-KRAB,chr15,25007439,25007459,25252586,25252606,pws_icr,pws_critical,0.009983584,1.511445091,1.511445091,0,,1,SNHG14,0,,False,False,,,,
PWS_G.9899,GACGTTGTGAGGCTGAGACT,dCas9-KRAB,chr15,25008994,25009014,25254141,25254161,pws_icr,pws_critical,0.008940058,-1.483702683,-1.483702683,0,,1,SNHG14,0,,False,False,,,,
PWS_G.6798,TCACTACTGTAAAACAAGCT,dCas9-KRAB,chr15,25009044,25009064,25254191,25254211,pws_icr,pws_critical,0.005763518,-1.191755042,-1.191755042,0,,1,SNHG14,0,,False,False,,,,
PWS_G.10161,GGACTAGGGATTAGAGTAAC,dCas9-KRAB,chr15,25009278,25009298,25254425,25254445,pws_icr,pws_critical,0.001414124,-1.4080064,-1.4080064,0,,1,SNHG14,10,OCR_117438;OCR_117438;OCR_117438;OCR_117438;OCR_117438,True,False,,,,
PWS_G.1306,AGGATTAGGCTTAAAAGGAC,dCas9-KRAB,chr15,25011083,25011103,25256230,25256250,snrpn_snh14,pws_critical,0.018370878,-1.471566209,-1.471566209,0,,1,SNHG14,0,,False,False,,,,
PWS_G.3246,CGAAGAAATTAACAGAAGAG,dCas9-KRAB,chr15,25015577,25015597,25260724,25260744,snrpn_snh14,pws_critical,0.020699178,1.46809788,1.46809788,0,,1,SNHG14,0,,False,False,,,,
PWS_G.2212,CAATTGTTAAGCAGAATCTC,dCas9-KRAB,chr15,25015967,25015987,25261114,25261134,snrpn_snh14,pws_critical,0.025394952,1.512743362,1.512743362,0,,1,SNHG14,0,,False,False,,,,
PWS_G.9277,CAAATTAACTATAATCTCAA,dCas9-KRAB,chr15,25045377,25045397,25290524,25290544,snrpn_snh14,pws_critical,0.001706718,-1.266916112,-1.266916112,0,,1,SNHG14,0,,False,False,,,,
PWS_G.2324,CACTACCTGAACACCACCAC,dCas9-KRAB,chr15,25052871,25052891,25298018,25298038,snrpn_snh14,pws_critical,0.035012364,-0.710385088,-0.710385088,0,,1,SNHG14,10,OCR_117442;OCR_117442;OCR_117442;OCR_117442;OCR_117442,True,False,,,,
PWS_G.6675,TATCCGGGCTCCGGGTCTCT,dCas9-KRAB,chr15,25232632,25232652,25477779,25477799,snrpn_snh14,pws_critical,0.000131214,-1.846311183,-1.846311183,0,,1,SNHG14,0,,False,False,,,,
PWS_G.7113,TCTAGCAGAAACGCAAGTTC,dCas9-KRAB,chr15,25739898,25739918,25985045,25985065,snord116_cluster,pws_critical,7.08e-05,2.355854068,2.355854068,0,,1,ATP10A,0,,False,False,,,,
PWS_G.4539,GATGTGATCTTTGGGCCCTT,dCas9-KRAB,chr15,25850750,25850770,26095897,26095917,snord116_cluster,pws_critical,0.001323929,1.377350555,1.377350555,0,,1,ATP10A,0,,False,False,,,,
PWS_G.2967,CCCGGGCGCCGAGGACCCTG,dCas9-KRAB,chr15,25862976,25862996,26108123,26108143,snord116_cluster,pws_critical,0.031018911,0.893360402,0.893360402,1,CpG: 142,1,ATP10A,0,,False,True,,,,
PWS_G.7078,TCGGCGGGTGAGGAGAGGCA,dCas9-KRAB,chr15,25909978,25909998,26155125,26155145,snord116_cluster,pws_critical,0.016175534,2.979978989,2.979978989,0,,1,LINC02346,0,,False,False,,,,
PWS_G.306,AAGCAATATGAAATGTTACC,dCas9-Tet1,chr15,24823823,24823843,25068970,25068990,pws_critical,pws_critical,0.048168403,,26.0,0,,1,SNHG14,0,,False,False,,,,
PWS_G.3535,CTACCTCAGAGGAGTGTCAA,dCas9-Tet1,chr15,24857666,24857686,25102813,25102833,snrpn_snh14,pws_critical,2.05e-06,,-1225.0,0,,1,SNHG14,0,,False,False,,,,
PWS_G.3094,CCTACTTAGATCTTAGGTGG,dCas9-Tet1,chr15,24954304,24954324,25199451,25199471,pws_icr,pws_critical,0.030775446,,65.33333333333337,0,,1,SNHG14,0,,False,False,,,,
PWS_G.741,ACCGCACATAGGAAGACCTG,dCas9-Tet1,chr15,24954624,24954644,25199771,25199791,pws_icr,pws_critical,0.000284413,,205.33333333333326,0,,1,SNHG14,0,,False,False,,,,
PWS_G.2979,CCCTCAGGTCTTCCTATGTG,dCas9-Tet1,chr15,24954628,24954648,25199775,25199795,pws_icr,pws_critical,0.000206627,,259.33333333333326,0,,1,SNHG14,0,,False,False,,,,
PWS_G.2288,CACCGGAATGACCTGGGGGG,dCas9-Tet1,chr15,24954842,24954862,25199989,25200009,pws_icr,pws_critical,0.008273386,,111.0,0,,1,SNHG14,0,,False,False,24955206.0,-54.902983106438704,37.22679229646797,354.0
PWS_G.2815,CCAGGTCATTCCGGTGAGGG,dCas9-Tet1,chr15,24954846,24954866,25199993,25200013,pws_icr,pws_critical,2.3e-06,,335.33333333333337,0,,1,SNHG14,0,,False,False,24955206.0,-54.902983106438704,37.22679229646797,350.0
PWS_G.3130,CCTCCCTCACCGGAATGACC,dCas9-Tet1,chr15,24954849,24954869,25199996,25200016,pws_icr,pws_critical,0.011791188,,-58.33333333333326,0,,1,SNHG14,0,,False,False,24955206.0,-54.902983106438704,37.22679229646797,347.0
PWS_G.5274,GGCAAACAAGCACGCCTGCG,dCas9-Tet1,chr15,24954890,24954910,25200037,25200057,pws_icr,pws_critical,0.001500542,,141.66666666666663,0,,1,SNHG14,0,,False,False,24955206.0,-54.902983106438704,37.22679229646797,306.0
PWS_G.4627,GCACGCCTGCGCGGCCGCAG,dCas9-Tet1,chr15,24954899,24954919,25200046,25200066,pws_icr,pws_critical,8.47e-05,,126.33333333333326,0,,1,SNHG14,0,,False,False,24955206.0,-54.902983106438704,37.22679229646797,297.0
PWS_G.4670,GCAGGCTGGCGCGCATGCTC,dCas9-Tet1,chr15,24954921,24954941,25200068,25200088,pws_icr,pws_critical,9.2e-15,,1035.6666666666667,0,,1,SNHG14,0,,False,False,24955206.0,-54.902983106438704,37.22679229646797,275.0
PWS_G.5452,GGCTGGCGCGCATGCTCAGG,dCas9-Tet1,chr15,24954924,24954944,25200071,25200091,pws_icr,pws_critical,3.68e-06,,492.0000000000001,0,,1,SNHG14,0,,False,False,24955206.0,-54.902983106438704,37.22679229646797,272.0
PWS_G.5029,GCTGGCGCGCATGCTCAGGC,dCas9-Tet1,chr15,24954925,24954945,25200072,25200092,pws_icr,pws_critical,0.011260228,,66.33333333333337,0,,1,SNHG14,0,,False,False,24955206.0,-54.902983106438704,37.22679229646797,271.0
PWS_G.7440,TGCCGCTGCTGCAGCGAGTC,dCas9-Tet1,chr15,24954963,24954983,25200110,25200130,pws_icr,pws_critical,0.003736503,,76.66666666666663,0,,1,SNHG14,0,,False,False,24955206.0,-54.902983106438704,37.22679229646797,233.0
PWS_G.4658,GCAGCGAGTCTGGCGCAGAG,dCas9-Tet1,chr15,24954973,24954993,25200120,25200140,pws_icr,pws_critical,0.021092261,,84.66666666666669,0,,1,SNHG14,0,,False,False,24955206.0,-54.902983106438704,37.22679229646797,223.0
PWS_G.4521,GATGCGTCAGGCATCTCCGG,dCas9-Tet1,chr15,24955004,24955024,25200151,25200171,pws_icr,pws_critical,0.000179854,,578.3333333333334,0,,1,SNHG14,0,,False,False,24955206.0,-54.902983106438704,37.22679229646797,192.0
PWS_G.595,ACAGATGCGTCAGGCATCTC,dCas9-Tet1,chr15,24955007,24955027,25200154,25200174,pws_icr,pws_critical,0.001402496,,-21.0,0,,1,SNHG14,0,,False,False,24955206.0,-54.902983106438704,37.22679229646797,189.0
PWS_G.1867,ATGCCTGACGCATCTGTCTG,dCas9-Tet1,chr15,24955010,24955030,25200157,25200177,pws_icr,pws_critical,0.000224637,,154.66666666666674,0,,1,SNHG14,0,,False,False,24955206.0,-54.902983106438704,37.22679229646797,186.0
PWS_G.7302,TGACGCATCTGTCTGAGGAG,dCas9-Tet1,chr15,24955015,24955035,25200162,25200182,pws_icr,pws_critical,0.008273386,,213.33333333333337,0,,1,SNHG14,0,,False,False,24955206.0,-54.902983106438704,37.22679229646797,181.0
PWS_G.1288,AGGAGCGGTCAGTGACGCGA,dCas9-Tet1,chr15,24955030,24955050,25200177,25200197,pws_icr,pws_critical,3.13e-06,,568.6666666666666,0,,1,SNHG14,0,,False,False,24955206.0,-54.902983106438704,37.22679229646797,166.0
PWS_G.3437,CGGTCAGTGACGCGATGGAG,dCas9-Tet1,chr15,24955035,24955055,25200182,25200202,pws_icr,pws_critical,1.16e-08,,812.9999999999998,0,,1,SNHG14,0,,False,False,24955206.0,-54.902983106438704,37.22679229646797,161.0
PWS_G.5691,GGTCAGTGACGCGATGGAGC,dCas9-Tet1,chr15,24955036,24955056,25200183,25200203,pws_icr,pws_critical,6.94e-08,,447.0,0,,1,SNHG14,0,,False,False,24955206.0,-54.902983106438704,37.22679229646797,160.0
PWS_G.6065,GTGACGCGATGGAGCGGGCA,dCas9-Tet1,chr15,24955041,24955061,25200188,25200208,pws_icr,pws_critical,1.14e-06,,397.0,0,,1,SNHG14,0,,False,False,24955206.0,-54.902983106438704,37.22679229646797,155.0
PWS_G.6298,GTTGTGCCGTTCTGCCCCGA,dCas9-Tet1,chr15,24955227,24955247,25200374,25200394,pws_icr,pws_critical,0.00048815,,366.33333333333337,0,,1,SNHG14,0,,False,False,24955234.0,-51.099112629004374,44.844701297645635,3.0
PWS_G.4363,GAGCGGACAGGATACCATCG,dCas9-Tet1,chr15,24955244,24955264,25200391,25200411,pws_icr,pws_critical,2.95e-06,,336.00000000000006,0,,1,SNHG14,0,,False,False,24955259.0,-54.7971288372618,41.92223858909707,5.0
PWS_G.3268,CGAGCGGACAGGATACCATC,dCas9-Tet1,chr15,24955245,24955265,25200392,25200412,pws_icr,pws_critical,0.006324892,,193.33333333333337,0,,1,SNHG14,0,,False,False,24955259.0,-54.7971288372618,41.92223858909707,4.0
PWS_G.5679,GGTATCCTGTCCGCTCGCAT,dCas9-Tet1,chr15,24955248,24955268,25200395,25200415,pws_icr,pws_critical,0.005308659,,226.66666666666663,0,,1,SNHG14,0,,False,False,24955259.0,-54.7971288372618,41.92223858909707,1.0
PWS_G.4871,GCGCCCCAATGCGAGCGGAC,dCas9-Tet1,chr15,24955256,24955276,25200403,25200423,pws_icr,pws_critical,2.41e-06,,362.0,0,,1,SNHG14,0,,False,False,24955263.0,-54.03979701972791,41.63893939629103,3.0
PWS_G.5478,GGGACGCGCCCCAATGCGAG,dCas9-Tet1,chr15,24955261,24955281,25200408,25200428,pws_icr,pws_critical,0.00319553,,57.66666666666674,0,,1,SNHG14,0,,False,False,24955273.0,-56.809093880163225,39.502578084310834,2.0
PWS_G.3338,CGCGACACCACAGTTGGGGG,dCas9-Tet1,chr15,24955288,24955308,25200435,25200455,pws_icr,pws_critical,3.09e-07,,393.3333333333335,0,,1,SNHG14,0,,False,False,24955304.0,-55.2569008518575,41.6046492784777,6.0
PWS_G.7751,TGTCGCGACACCACAGTTGG,dCas9-Tet1,chr15,24955291,24955311,25200438,25200458,pws_icr,pws_critical,4.32e-06,,371.33333333333337,0,,1,SNHG14,0,,False,False,24955304.0,-55.2569008518575,41.6046492784777,3.0
PWS_G.3858,CTGTCGCGACACCACAGTTG,dCas9-Tet1,chr15,24955292,24955312,25200439,25200459,pws_icr,pws_critical,9.22e-10,,711.0000000000001,0,,1,SNHG14,0,,False,False,24955304.0,-55.2569008518575,41.6046492784777,2.0
PWS_G.3193,CCTGTCGCGACACCACAGTT,dCas9-Tet1,chr15,24955293,24955313,25200440,25200460,pws_icr,pws_critical,3.77e-06,,399.0,0,,1,SNHG14,0,,False,False,24955304.0,-55.2569008518575,41.6046492784777,1.0
PWS_G.7752,TGTCGCGACAGGTCCTATTG,dCas9-Tet1,chr15,24955301,24955321,25200448,25200468,pws_icr,pws_critical,3.6e-06,,342.66666666666663,0,,1,SNHG14,0,,False,False,24955306.0,-55.344214527561405,40.44765336815976,5.0
PWS_G.6001,GTCGCGACAGGTCCTATTGC,dCas9-Tet1,chr15,24955302,24955322,25200449,25200469,pws_icr,pws_critical,1.98e-05,,303.0,0,,1,SNHG14,0,,False,False,24955306.0,-55.344214527561405,40.44765336815976,6.0
PWS_G.3107,CCTATTGCGGGTGTCTGCGG,dCas9-Tet1,chr15,24955314,24955334,25200461,25200481,pws_icr,pws_critical,0.000135744,,297.0,0,,1,SNHG14,0,,False,False,24955321.0,-53.977709425408925,42.15765248693193,3.0
PWS_G.2746,CCACCGCAGACACCCGCAAT,dCas9-Tet1,chr15,24955317,24955337,25200464,25200484,pws_icr,pws_critical,2.66e-06,,350.33333333333326,0,,1,SNHG14,0,,False,False,24955331.0,-53.77436127799284,43.191065673958065,4.0
PWS_G.1173,AGCATGCGGGGTAACCGCAG,dCas9-Tet1,chr15,24955357,24955377,25200504,25200524,pws_icr,pws_critical,0.006387033,,167.33333333333337,0,,1,SNHG14,0,,False,False,24955363.0,-54.69957077495863,41.9419831610015,4.0
PWS_G.8032,TTCCGTGTGGCGAGGGTACG,dCas9-Tet1,chr15,24955423,24955443,25200570,25200590,pws_icr,pws_critical,0.027929485,,99.66666666666674,0,,1,SNHG14,0,,False,False,24955433.0,-52.78987062903153,42.3972328216095,0.0
PWS_G.7011,TCCGTGTGGCGAGGGTACGT,dCas9-Tet1,chr15,24955424,24955444,25200571,25200591,pws_icr,pws_critical,6.3e-08,,548.3333333333335,0,,1,SNHG14,0,,False,False,24955433.0,-52.78987062903153,42.3972328216095,1.0
PWS_G.3482,CGTGTGGCGAGGGTACGTGG,dCas9-Tet1,chr15,24955426,24955446,25200573,25200593,pws_icr,pws_critical,3.51e-12,,1266.3333333333333,0,,1,SNHG14,0,,False,False,24955433.0,-52.78987062903153,42.3972328216095,3.0
PWS_G.853,ACGTGGGGGGACCAGTGCAT,dCas9-Tet1,chr15,24955440,24955460,25200587,25200607,pws_icr,pws_critical,0.008273386,,125.66666666666674,0,,1,SNHG14,0,,False,False,24955441.0,-50.64876519781531,44.3236596791198,9.0
PWS_G.3477,CGTGGGGGGACCAGTGCATA,dCas9-Tet1,chr15,24955441,24955461,25200588,25200608,pws_icr,pws_critical,7.68e-06,,328.33333333333337,0,,1,SNHG14,0,,False,False,24955441.0,-50.64876519781531,44.3236596791198,10.0
PWS_G.7410,TGCATAGGGATTTTAGGCGG,dCas9-Tet1,chr15,24955455,24955475,25200602,25200622,pws_icr,pws_critical,5.81e-07,,390.33333333333337,0,,1,SNHG14,0,,False,False,24955472.0,-52.47013923677677,43.05694719549033,7.0
PWS_G.7924,TTAGGCGGAGGTAGGTATAT,dCas9-Tet1,chr15,24955467,24955487,25200614,25200634,pws_icr,pws_critical,0.001094511,,221.0,0,,1,SNHG14,0,,False,False,24955472.0,-52.47013923677677,43.05694719549033,5.0
PWS_G.4841,GCGAAGGTACGTGAAGTGAT,dCas9-Tet1,chr15,24955505,24955525,25200652,25200672,pws_icr,pws_critical,0.000126307,,212.33333333333326,0,,1,SNHG14,0,,False,False,24955514.0,-55.24630159780093,41.65162423720434,1.0
PWS_G.3464,CGTGAAGTGATCGGTATTTA,dCas9-Tet1,chr15,24955514,24955534,25200661,25200681,pws_icr,pws_critical,0.000284413,,192.0,0,,1,SNHG14,0,,False,False,24955525.0,-54.08929243411969,42.32038749503953,1.0
PWS_G.7259,TGAAGTGATCGGTATTTAGG,dCas9-Tet1,chr15,24955516,24955536,25200663,25200683,pws_icr,pws_critical,2.5e-05,,270.66666666666674,0,,1,SNHG14,0,,False,False,24955525.0,-54.08929243411969,42.32038749503953,1.0
PWS_G.5890,GTATAATAGTGACCACTGCG,dCas9-Tet1,chr15,24955557,24955577,25200704,25200724,pws_icr,pws_critical,0.019184939,,82.66666666666663,0,,1,SNHG14,0,,False,False,24955546.0,-52.210083468807966,43.11483845647297,21.0
PWS_G.4676,GCAGGGTACGTGGGGCGACT,dCas9-Tet1,chr15,24955584,24955604,25200731,25200751,pws_icr,pws_critical,0.003736503,,-9.666666666666742,0,,1,SNHG14,0,,False,False,24955546.0,-52.210083468807966,43.11483845647297,48.0
PWS_G.5153,GGAATTCGTCGCAGTGACCG,dCas9-Tet1,chr15,24955610,24955630,25200757,25200777,pws_icr,pws_critical,0.000413312,,211.0,0,,1,SNHG14,0,,False,False,24955546.0,-52.210083468807966,43.11483845647297,74.0
PWS_G.4903,GCGGCGACAGTGGGTATTGG,dCas9-Tet1,chr15,24955749,24955769,25200896,25200916,pws_icr,pws_critical,0.001945532,,145.66666666666674,0,,1,SNHG14,0,,False,False,24955546.0,-52.210083468807966,43.11483845647297,213.0
PWS_G.3052,CCGGACAGCGACAGGCCCCG,dCas9-Tet1,chr15,24955873,24955893,25201020,25201040,pws_icr,pws_critical,6.84e-05,,280.0,0,,1,SNHG14,0,,False,False,24955546.0,-52.210083468807966,43.11483845647297,337.0
PWS_G.3501,CTAAAGCGAGGGTTCCTAAA,dCas9-Tet1,chr15,24956097,24956117,25201244,25201264,pws_icr,pws_critical,0.003510491,,201.66666666666663,0,,1,SNHG14,0,,False,False,,,,
PWS_G.6064,GTGACGCAACACAGACCCCC,dCas9-Tet1,chr15,24956268,24956288,25201415,25201435,pws_icr,pws_critical,6.3e-08,,437.33333333333337,0,,1,SNHG14,0,,False,False,,,,
PWS_G.2962,CCCGGAGGCGGCATGCCTAT,dCas9-Tet1,chr15,24978270,24978290,25223417,25223437,pws_icr,pws_critical,0.038849654,,-643.3333333333333,0,,1,SNHG14,0,,False,False,,,,
PWS_G.7574,TGGCCAGAATGTCCACCGTG,dCas9-Tet1,chr15,25033572,25033592,25278719,25278739,snrpn_snh14,pws_critical,0.046799248,,-601.0,0,,2,SNHG14;PWAR6,10,OCR_117441;OCR_117441;OCR_117441;OCR_117441;OCR_117441,True,False,,,,
PWS_G.5706,GGTCGGCTTCAGGAGGGAAG,dCas9-VP64,chr15,23860490,23860510,24105637,24105657,outside_pws_critical,outside_pws_critical,2.04e-64,2.585937326,2606.0,0,,0,,0,,False,False,,,,
PWS_G.1569,AGTTTCAGGCCTGGACTGGG,dCas9-VP64,chr15,24829287,24829307,25074434,25074454,pws_critical,pws_critical,0.00039211,,863.0,0,,1,SNHG14,0,,False,False,,,,
PWS_G.6318,GTTTCAGGCCTGGACTGGGT,dCas9-VP64,chr15,24829288,24829308,25074435,25074455,pws_critical,pws_critical,5.55e-15,1.140100598,1532.3333333333333,0,,1,SNHG14,0,,False,False,,,,
PWS_G.4695,GCATCACTTTCTGAGCTGCC,dCas9-VP64,chr15,24829543,24829563,25074690,25074710,pws_critical,pws_critical,6.35e-05,,656.6666666666667,0,,1,SNHG14,0,,False,False,,,,
PWS_G.4662,GCAGCTCAGAAAGTGATGCA,dCas9-VP64,chr15,24829544,24829564,25074691,25074711,pws_critical,pws_critical,1.79e-69,,1551.6666666666667,0,,1,SNHG14,0,,False,False,,,,
PWS_G.4513,GATGCAGGGGCCGCTCTCTG,dCas9-VP64,chr15,24829558,24829578,25074705,25074725,pws_critical,pws_critical,0.007656568,,631.3333333333334,0,,1,SNHG14,0,,False,False,,,,
PWS_G.5117,GGAACCAGTCAGAACAGGTG,dCas9-VP64,chr15,24829662,24829682,25074809,25074829,pws_critical,pws_critical,1.7899999999999998e-55,1.876595059,2315.0,0,,1,SNHG14,0,,False,False,,,,
PWS_G.8738,ACAGTTCAGGGCATGAGATA,dCas9-VP64,chr15,24862854,24862874,25108001,25108021,snrpn_snh14,pws_critical,7.77e-93,2.496665933,5251.0,0,,1,SNHG14,0,,False,False,,,,
PWS_G.9414,CAGTTCAGGGCATGAGATAA,dCas9-VP64,chr15,24862855,24862875,25108002,25108022,snrpn_snh14,pws_critical,7.5e-133,2.558974375,5988.666666666666,0,,1,SNHG14,0,,False,False,,,,
PWS_G.10218,GGGCATGAGATAAGGGCAGT,dCas9-VP64,chr15,24862862,24862882,25108009,25108029,snrpn_snh14,pws_critical,1.45e-12,,1810.6666666666665,0,,1,SNHG14,0,,False,False,,,,
PWS_G.4862,GCGCACTGCAGCGCAGACCA,dCas9-VP64,chr15,24917659,24917679,25162806,25162826,snrpn_snh14,pws_critical,2.8000000000000003e-23,,1920.0,0,,1,SNHG14,0,,False,False,,,,
PWS_G.3437,CGGTCAGTGACGCGATGGAG,dCas9-VP64,chr15,24955035,24955055,25200182,25200202,pws_icr,pws_critical,0.034991881,,553.9999999999998,0,,1,SNHG14,0,,False,False,24955206.0,-54.902983106438704,37.22679229646797,161.0
PWS_G.4738,GCCAGGTTACTGATTCATAG,dCas9-VP64,chr15,24966906,24966926,25212053,25212073,pws_icr,pws_critical,0.004324732,,562.3333333333333,0,,1,SNHG14,0,,False,False,,,,
PWS_G.725,ACCCCTATGAATCAGTAACC,dCas9-VP64,chr15,24966910,24966930,25212057,25212077,pws_icr,pws_critical,1.56e-08,,975.0,0,,1,SNHG14,0,,False,False,,,,
PWS_G.6855,TCATACTAGCTTCCTCACCA,dCas9-VP64,chr15,24974180,24974200,25219327,25219347,pws_icr,pws_critical,0.001557236,,1023.0000000000001,0,,1,SNHG14,0,,False,False,,,,
PWS_G.7831,TGTTGGGGCTCCAGCAATAC,dCas9-VP64,chr15,24977836,24977856,25222983,25223003,pws_icr,pws_critical,0.013485052,,855.0000000000001,0,,1,SNHG14,0,,False,False,,,,
PWS_G.6655,TATAGAAGCTAACATGGGAA,dCas9-VP64,chr15,24987314,24987334,25232461,25232481,pws_icr,pws_critical,0.030945009,,781.3333333333335,0,,1,SNHG14,0,,False,False,,,,
