strategy,tet1_grna_id,tet1_start_hg38,tet1_protospacer,vp64_grna_id,vp64_start_hg38,vp64_protospacer,w_tet1,w_vp64,predicted_SNRPN_pct_WT,predicted_SNHG14_pct_WT,objective_score,SNRPN_in_window,SNHG14_in_window,both_in_window,uncertainty,rationale,rank,score_lower,score_upper
Hybrid_Tet1_VP64,PWS_G.5691,24955036.0,GGTCAGTGACGCGATGGAGC,PWS_G.9414,24862855.0,CAGTTCAGGGCATGAGATAA,0.987,0.062,70.0,98.3,1.0,True,True,True,0.152,ICR demethylation (Tet1) + minimal SNRPN activation (VP64) to reach dual-gene paternal-equivalent window,1,0.848,1.0
Hybrid_Tet1_VP64,PWS_G.5452,24954924.0,GGCTGGCGCGCATGCTCAGG,PWS_G.6318,24829288.0,GTTTCAGGCCTGGACTGGGT,0.987,0.062,70.0,98.3,1.0,True,True,True,0.164,ICR demethylation (Tet1) + minimal SNRPN activation (VP64) to reach dual-gene paternal-equivalent window,2,0.836,1.0
Hybrid_Tet1_VP64,PWS_G.5452,24954924.0,GGCTGGCGCGCATGCTCAGG,PWS_G.4662,24829544.0,GCAGCTCAGAAAGTGATGCA,0.987,0.062,70.0,98.3,1.0,True,True,True,0.153,ICR demethylation (Tet1) + minimal SNRPN activation (VP64) to reach dual-gene paternal-equivalent window,3,0.847,1.0
Hybrid_Tet1_VP64,PWS_G.5452,24954924.0,GGCTGGCGCGCATGCTCAGG,PWS_G.5117,24829662.0,GGAACCAGTCAGAACAGGTG,0.987,0.062,70.0,98.3,1.0,True,True,True,0.153,ICR demethylation (Tet1) + minimal SNRPN activation (VP64) to reach dual-gene paternal-equivalent window,4,0.847,1.0
Hybrid_Tet1_VP64,PWS_G.5452,24954924.0,GGCTGGCGCGCATGCTCAGG,PWS_G.3437,24955035.0,CGGTCAGTGACGCGATGGAG,0.987,0.062,70.0,98.3,1.0,True,True,True,0.171,ICR demethylation (Tet1) + minimal SNRPN activation (VP64) to reach dual-gene paternal-equivalent window,5,0.829,1.0
Hybrid_Tet1_VP64,PWS_G.5452,24954924.0,GGCTGGCGCGCATGCTCAGG,PWS_G.4862,24917659.0,GCGCACTGCAGCGCAGACCA,0.987,0.062,70.0,98.3,1.0,True,True,True,0.153,ICR demethylation (Tet1) + minimal SNRPN activation (VP64) to reach dual-gene paternal-equivalent window,6,0.847,1.0
Hybrid_Tet1_VP64,PWS_G.5452,24954924.0,GGCTGGCGCGCATGCTCAGG,PWS_G.10218,24862862.0,GGGCATGAGATAAGGGCAGT,0.987,0.062,70.0,98.3,1.0,True,True,True,0.156,ICR demethylation (Tet1) + minimal SNRPN activation (VP64) to reach dual-gene paternal-equivalent window,7,0.844,1.0
Hybrid_Tet1_VP64,PWS_G.5452,24954924.0,GGCTGGCGCGCATGCTCAGG,PWS_G.8738,24862854.0,ACAGTTCAGGGCATGAGATA,0.987,0.062,70.0,98.3,1.0,True,True,True,0.153,ICR demethylation (Tet1) + minimal SNRPN activation (VP64) to reach dual-gene paternal-equivalent window,8,0.847,1.0
Hybrid_Tet1_VP64,PWS_G.5452,24954924.0,GGCTGGCGCGCATGCTCAGG,PWS_G.9414,24862855.0,CAGTTCAGGGCATGAGATAA,0.987,0.062,70.0,98.3,1.0,True,True,True,0.153,ICR demethylation (Tet1) + minimal SNRPN activation (VP64) to reach dual-gene paternal-equivalent window,9,0.847,1.0
Hybrid_Tet1_VP64,PWS_G.3437,24955035.0,CGGTCAGTGACGCGATGGAG,PWS_G.6318,24829288.0,GTTTCAGGCCTGGACTGGGT,0.987,0.062,70.0,98.3,1.0,True,True,True,0.164,ICR demethylation (Tet1) + minimal SNRPN activation (VP64) to reach dual-gene paternal-equivalent window,10,0.836,1.0
Hybrid_Tet1_VP64,PWS_G.3437,24955035.0,CGGTCAGTGACGCGATGGAG,PWS_G.4662,24829544.0,GCAGCTCAGAAAGTGATGCA,0.987,0.062,70.0,98.3,1.0,True,True,True,0.151,ICR demethylation (Tet1) + minimal SNRPN activation (VP64) to reach dual-gene paternal-equivalent window,11,0.849,1.0
Hybrid_Tet1_VP64,PWS_G.3437,24955035.0,CGGTCAGTGACGCGATGGAG,PWS_G.5117,24829662.0,GGAACCAGTCAGAACAGGTG,0.987,0.062,70.0,98.3,1.0,True,True,True,0.151,ICR demethylation (Tet1) + minimal SNRPN activation (VP64) to reach dual-gene paternal-equivalent window,12,0.849,1.0
Hybrid_Tet1_VP64,PWS_G.3437,24955035.0,CGGTCAGTGACGCGATGGAG,PWS_G.3437,24955035.0,CGGTCAGTGACGCGATGGAG,0.987,0.062,70.0,98.3,1.0,True,True,True,0.171,ICR demethylation (Tet1) + minimal SNRPN activation (VP64) to reach dual-gene paternal-equivalent window,13,0.829,1.0
Hybrid_Tet1_VP64,PWS_G.3437,24955035.0,CGGTCAGTGACGCGATGGAG,PWS_G.4862,24917659.0,GCGCACTGCAGCGCAGACCA,0.987,0.062,70.0,98.3,1.0,True,True,True,0.153,ICR demethylation (Tet1) + minimal SNRPN activation (VP64) to reach dual-gene paternal-equivalent window,14,0.847,1.0
Hybrid_Tet1_VP64,PWS_G.3437,24955035.0,CGGTCAGTGACGCGATGGAG,PWS_G.10218,24862862.0,GGGCATGAGATAAGGGCAGT,0.987,0.062,70.0,98.3,1.0,True,True,True,0.156,ICR demethylation (Tet1) + minimal SNRPN activation (VP64) to reach dual-gene paternal-equivalent window,15,0.844,1.0
Hybrid_Tet1_VP64,PWS_G.3437,24955035.0,CGGTCAGTGACGCGATGGAG,PWS_G.8738,24862854.0,ACAGTTCAGGGCATGAGATA,0.987,0.062,70.0,98.3,1.0,True,True,True,0.151,ICR demethylation (Tet1) + minimal SNRPN activation (VP64) to reach dual-gene paternal-equivalent window,16,0.849,1.0
Hybrid_Tet1_VP64,PWS_G.3437,24955035.0,CGGTCAGTGACGCGATGGAG,PWS_G.9414,24862855.0,CAGTTCAGGGCATGAGATAA,0.987,0.062,70.0,98.3,1.0,True,True,True,0.151,ICR demethylation (Tet1) + minimal SNRPN activation (VP64) to reach dual-gene paternal-equivalent window,17,0.849,1.0
Hybrid_Tet1_VP64,PWS_G.4670,24954921.0,GCAGGCTGGCGCGCATGCTC,PWS_G.6318,24829288.0,GTTTCAGGCCTGGACTGGGT,0.987,0.062,70.0,98.3,1.0,True,True,True,0.164,ICR demethylation (Tet1) + minimal SNRPN activation (VP64) to reach dual-gene paternal-equivalent window,18,0.836,1.0
Hybrid_Tet1_VP64,PWS_G.4670,24954921.0,GCAGGCTGGCGCGCATGCTC,PWS_G.4662,24829544.0,GCAGCTCAGAAAGTGATGCA,0.987,0.062,70.0,98.3,1.0,True,True,True,0.147,ICR demethylation (Tet1) + minimal SNRPN activation (VP64) to reach dual-gene paternal-equivalent window,19,0.853,1.0
Hybrid_Tet1_VP64,PWS_G.4670,24954921.0,GCAGGCTGGCGCGCATGCTC,PWS_G.5117,24829662.0,GGAACCAGTCAGAACAGGTG,0.987,0.062,70.0,98.3,1.0,True,True,True,0.147,ICR demethylation (Tet1) + minimal SNRPN activation (VP64) to reach dual-gene paternal-equivalent window,20,0.853,1.0
Hybrid_Tet1_VP64,PWS_G.4670,24954921.0,GCAGGCTGGCGCGCATGCTC,PWS_G.3437,24955035.0,CGGTCAGTGACGCGATGGAG,0.987,0.062,70.0,98.3,1.0,True,True,True,0.171,ICR demethylation (Tet1) + minimal SNRPN activation (VP64) to reach dual-gene paternal-equivalent window,21,0.829,1.0
Hybrid_Tet1_VP64,PWS_G.4670,24954921.0,GCAGGCTGGCGCGCATGCTC,PWS_G.4862,24917659.0,GCGCACTGCAGCGCAGACCA,0.987,0.062,70.0,98.3,1.0,True,True,True,0.153,ICR demethylation (Tet1) + minimal SNRPN activation (VP64) to reach dual-gene paternal-equivalent window,22,0.847,1.0
Hybrid_Tet1_VP64,PWS_G.4670,24954921.0,GCAGGCTGGCGCGCATGCTC,PWS_G.10218,24862862.0,GGGCATGAGATAAGGGCAGT,0.987,0.062,70.0,98.3,1.0,True,True,True,0.156,ICR demethylation (Tet1) + minimal SNRPN activation (VP64) to reach dual-gene paternal-equivalent window,23,0.844,1.0
Hybrid_Tet1_VP64,PWS_G.4670,24954921.0,GCAGGCTGGCGCGCATGCTC,PWS_G.8738,24862854.0,ACAGTTCAGGGCATGAGATA,0.987,0.062,70.0,98.3,1.0,True,True,True,0.147,ICR demethylation (Tet1) + minimal SNRPN activation (VP64) to reach dual-gene paternal-equivalent window,24,0.853,1.0
Hybrid_Tet1_VP64,PWS_G.4670,24954921.0,GCAGGCTGGCGCGCATGCTC,PWS_G.9414,24862855.0,CAGTTCAGGGCATGAGATAA,0.987,0.062,70.0,98.3,1.0,True,True,True,0.147,ICR demethylation (Tet1) + minimal SNRPN activation (VP64) to reach dual-gene paternal-equivalent window,25,0.853,1.0
Hybrid_Tet1_VP64,PWS_G.5691,24955036.0,GGTCAGTGACGCGATGGAGC,PWS_G.3437,24955035.0,CGGTCAGTGACGCGATGGAG,0.987,0.062,70.0,98.3,1.0,True,True,True,0.171,ICR demethylation (Tet1) + minimal SNRPN activation (VP64) to reach dual-gene paternal-equivalent window,26,0.829,1.0
Hybrid_Tet1_VP64,PWS_G.5691,24955036.0,GGTCAGTGACGCGATGGAGC,PWS_G.8738,24862854.0,ACAGTTCAGGGCATGAGATA,0.987,0.062,70.0,98.3,1.0,True,True,True,0.152,ICR demethylation (Tet1) + minimal SNRPN activation (VP64) to reach dual-gene paternal-equivalent window,27,0.848,1.0
Hybrid_Tet1_VP64,PWS_G.5691,24955036.0,GGTCAGTGACGCGATGGAGC,PWS_G.10218,24862862.0,GGGCATGAGATAAGGGCAGT,0.987,0.062,70.0,98.3,1.0,True,True,True,0.156,ICR demethylation (Tet1) + minimal SNRPN activation (VP64) to reach dual-gene paternal-equivalent window,28,0.844,1.0
Hybrid_Tet1_VP64,PWS_G.5691,24955036.0,GGTCAGTGACGCGATGGAGC,PWS_G.4862,24917659.0,GCGCACTGCAGCGCAGACCA,0.987,0.062,70.0,98.3,1.0,True,True,True,0.153,ICR demethylation (Tet1) + minimal SNRPN activation (VP64) to reach dual-gene paternal-equivalent window,29,0.847,1.0
Hybrid_Tet1_VP64,PWS_G.5691,24955036.0,GGTCAGTGACGCGATGGAGC,PWS_G.4662,24829544.0,GCAGCTCAGAAAGTGATGCA,0.987,0.062,70.0,98.3,1.0,True,True,True,0.152,ICR demethylation (Tet1) + minimal SNRPN activation (VP64) to reach dual-gene paternal-equivalent window,30,0.848,1.0
