strategy,tet1_grna_id,tet1_start_hg38,tet1_protospacer,vp64_grna_id,vp64_start_hg38,vp64_protospacer,w_tet1,w_vp64,predicted_SNRPN_pct_WT,predicted_SNHG14_pct_WT,objective_score,SNRPN_in_window,SNHG14_in_window,both_in_window,uncertainty,rationale,rank,pareto_rank,obj_SNRPN,obj_SNHG14,obj_safety,obj_confidence
Hybrid_Tet1_VP64,PWS_G.4670,24954921.0,GCAGGCTGGCGCGCATGCTC,PWS_G.4662,24829544.0,GCAGCTCAGAAAGTGATGCA,0.987,0.062,70.0,98.3,1.0,True,True,True,0.147,ICR demethylation (Tet1) + minimal SNRPN activation (VP64) to reach dual-gene paternal-equivalent window,19,1.0,1.0,1.0,0.853,1.0
Hybrid_Tet1_VP64,PWS_G.4670,24954921.0,GCAGGCTGGCGCGCATGCTC,PWS_G.5117,24829662.0,GGAACCAGTCAGAACAGGTG,0.987,0.062,70.0,98.3,1.0,True,True,True,0.147,ICR demethylation (Tet1) + minimal SNRPN activation (VP64) to reach dual-gene paternal-equivalent window,20,1.0,1.0,1.0,0.853,1.0
Hybrid_Tet1_VP64,PWS_G.4670,24954921.0,GCAGGCTGGCGCGCATGCTC,PWS_G.8738,24862854.0,ACAGTTCAGGGCATGAGATA,0.987,0.062,70.0,98.3,1.0,True,True,True,0.147,ICR demethylation (Tet1) + minimal SNRPN activation (VP64) to reach dual-gene paternal-equivalent window,24,1.0,1.0,1.0,0.853,1.0
Hybrid_Tet1_VP64,PWS_G.4670,24954921.0,GCAGGCTGGCGCGCATGCTC,PWS_G.9414,24862855.0,CAGTTCAGGGCATGAGATAA,0.987,0.062,70.0,98.3,1.0,True,True,True,0.147,ICR demethylation (Tet1) + minimal SNRPN activation (VP64) to reach dual-gene paternal-equivalent window,25,1.0,1.0,1.0,0.853,1.0
Tet1_monotherapy,PWS_G.4670,24954921.0,GCAGGCTGGCGCGCATGCTC,,,,1.0,0.0,52.3,99.6,0.8738,False,True,False,0.122,ICR demethylation restores SNHG14; SNRPN partial (~52% WT at full dose),105,1.0,0.7471428571428571,1.0,0.878,0.8738
Hybrid_Tet1_VP64,PWS_G.5691,24955036.0,GGTCAGTGACGCGATGGAGC,PWS_G.9414,24862855.0,CAGTTCAGGGCATGAGATAA,0.987,0.062,70.0,98.3,1.0,True,True,True,0.152,ICR demethylation (Tet1) + minimal SNRPN activation (VP64) to reach dual-gene paternal-equivalent window,1,,,,,
Hybrid_Tet1_VP64,PWS_G.5452,24954924.0,GGCTGGCGCGCATGCTCAGG,PWS_G.6318,24829288.0,GTTTCAGGCCTGGACTGGGT,0.987,0.062,70.0,98.3,1.0,True,True,True,0.164,ICR demethylation (Tet1) + minimal SNRPN activation (VP64) to reach dual-gene paternal-equivalent window,2,,,,,
Hybrid_Tet1_VP64,PWS_G.5452,24954924.0,GGCTGGCGCGCATGCTCAGG,PWS_G.4662,24829544.0,GCAGCTCAGAAAGTGATGCA,0.987,0.062,70.0,98.3,1.0,True,True,True,0.153,ICR demethylation (Tet1) + minimal SNRPN activation (VP64) to reach dual-gene paternal-equivalent window,3,,,,,
Hybrid_Tet1_VP64,PWS_G.5452,24954924.0,GGCTGGCGCGCATGCTCAGG,PWS_G.5117,24829662.0,GGAACCAGTCAGAACAGGTG,0.987,0.062,70.0,98.3,1.0,True,True,True,0.153,ICR demethylation (Tet1) + minimal SNRPN activation (VP64) to reach dual-gene paternal-equivalent window,4,,,,,
Hybrid_Tet1_VP64,PWS_G.5452,24954924.0,GGCTGGCGCGCATGCTCAGG,PWS_G.3437,24955035.0,CGGTCAGTGACGCGATGGAG,0.987,0.062,70.0,98.3,1.0,True,True,True,0.171,ICR demethylation (Tet1) + minimal SNRPN activation (VP64) to reach dual-gene paternal-equivalent window,5,,,,,
Hybrid_Tet1_VP64,PWS_G.5452,24954924.0,GGCTGGCGCGCATGCTCAGG,PWS_G.4862,24917659.0,GCGCACTGCAGCGCAGACCA,0.987,0.062,70.0,98.3,1.0,True,True,True,0.153,ICR demethylation (Tet1) + minimal SNRPN activation (VP64) to reach dual-gene paternal-equivalent window,6,,,,,
Hybrid_Tet1_VP64,PWS_G.5452,24954924.0,GGCTGGCGCGCATGCTCAGG,PWS_G.10218,24862862.0,GGGCATGAGATAAGGGCAGT,0.987,0.062,70.0,98.3,1.0,True,True,True,0.156,ICR demethylation (Tet1) + minimal SNRPN activation (VP64) to reach dual-gene paternal-equivalent window,7,,,,,
Hybrid_Tet1_VP64,PWS_G.5452,24954924.0,GGCTGGCGCGCATGCTCAGG,PWS_G.8738,24862854.0,ACAGTTCAGGGCATGAGATA,0.987,0.062,70.0,98.3,1.0,True,True,True,0.153,ICR demethylation (Tet1) + minimal SNRPN activation (VP64) to reach dual-gene paternal-equivalent window,8,,,,,
Hybrid_Tet1_VP64,PWS_G.5452,24954924.0,GGCTGGCGCGCATGCTCAGG,PWS_G.9414,24862855.0,CAGTTCAGGGCATGAGATAA,0.987,0.062,70.0,98.3,1.0,True,True,True,0.153,ICR demethylation (Tet1) + minimal SNRPN activation (VP64) to reach dual-gene paternal-equivalent window,9,,,,,
Hybrid_Tet1_VP64,PWS_G.3437,24955035.0,CGGTCAGTGACGCGATGGAG,PWS_G.6318,24829288.0,GTTTCAGGCCTGGACTGGGT,0.987,0.062,70.0,98.3,1.0,True,True,True,0.164,ICR demethylation (Tet1) + minimal SNRPN activation (VP64) to reach dual-gene paternal-equivalent window,10,,,,,
Hybrid_Tet1_VP64,PWS_G.3437,24955035.0,CGGTCAGTGACGCGATGGAG,PWS_G.4662,24829544.0,GCAGCTCAGAAAGTGATGCA,0.987,0.062,70.0,98.3,1.0,True,True,True,0.151,ICR demethylation (Tet1) + minimal SNRPN activation (VP64) to reach dual-gene paternal-equivalent window,11,,,,,
Hybrid_Tet1_VP64,PWS_G.3437,24955035.0,CGGTCAGTGACGCGATGGAG,PWS_G.5117,24829662.0,GGAACCAGTCAGAACAGGTG,0.987,0.062,70.0,98.3,1.0,True,True,True,0.151,ICR demethylation (Tet1) + minimal SNRPN activation (VP64) to reach dual-gene paternal-equivalent window,12,,,,,
Hybrid_Tet1_VP64,PWS_G.3437,24955035.0,CGGTCAGTGACGCGATGGAG,PWS_G.3437,24955035.0,CGGTCAGTGACGCGATGGAG,0.987,0.062,70.0,98.3,1.0,True,True,True,0.171,ICR demethylation (Tet1) + minimal SNRPN activation (VP64) to reach dual-gene paternal-equivalent window,13,,,,,
Hybrid_Tet1_VP64,PWS_G.3437,24955035.0,CGGTCAGTGACGCGATGGAG,PWS_G.4862,24917659.0,GCGCACTGCAGCGCAGACCA,0.987,0.062,70.0,98.3,1.0,True,True,True,0.153,ICR demethylation (Tet1) + minimal SNRPN activation (VP64) to reach dual-gene paternal-equivalent window,14,,,,,
Hybrid_Tet1_VP64,PWS_G.3437,24955035.0,CGGTCAGTGACGCGATGGAG,PWS_G.10218,24862862.0,GGGCATGAGATAAGGGCAGT,0.987,0.062,70.0,98.3,1.0,True,True,True,0.156,ICR demethylation (Tet1) + minimal SNRPN activation (VP64) to reach dual-gene paternal-equivalent window,15,,,,,
Hybrid_Tet1_VP64,PWS_G.3437,24955035.0,CGGTCAGTGACGCGATGGAG,PWS_G.8738,24862854.0,ACAGTTCAGGGCATGAGATA,0.987,0.062,70.0,98.3,1.0,True,True,True,0.151,ICR demethylation (Tet1) + minimal SNRPN activation (VP64) to reach dual-gene paternal-equivalent window,16,,,,,
Hybrid_Tet1_VP64,PWS_G.3437,24955035.0,CGGTCAGTGACGCGATGGAG,PWS_G.9414,24862855.0,CAGTTCAGGGCATGAGATAA,0.987,0.062,70.0,98.3,1.0,True,True,True,0.151,ICR demethylation (Tet1) + minimal SNRPN activation (VP64) to reach dual-gene paternal-equivalent window,17,,,,,
Hybrid_Tet1_VP64,PWS_G.4670,24954921.0,GCAGGCTGGCGCGCATGCTC,PWS_G.6318,24829288.0,GTTTCAGGCCTGGACTGGGT,0.987,0.062,70.0,98.3,1.0,True,True,True,0.164,ICR demethylation (Tet1) + minimal SNRPN activation (VP64) to reach dual-gene paternal-equivalent window,18,,,,,
Hybrid_Tet1_VP64,PWS_G.4670,24954921.0,GCAGGCTGGCGCGCATGCTC,PWS_G.3437,24955035.0,CGGTCAGTGACGCGATGGAG,0.987,0.062,70.0,98.3,1.0,True,True,True,0.171,ICR demethylation (Tet1) + minimal SNRPN activation (VP64) to reach dual-gene paternal-equivalent window,21,,,,,
Hybrid_Tet1_VP64,PWS_G.4670,24954921.0,GCAGGCTGGCGCGCATGCTC,PWS_G.4862,24917659.0,GCGCACTGCAGCGCAGACCA,0.987,0.062,70.0,98.3,1.0,True,True,True,0.153,ICR demethylation (Tet1) + minimal SNRPN activation (VP64) to reach dual-gene paternal-equivalent window,22,,,,,
Hybrid_Tet1_VP64,PWS_G.4670,24954921.0,GCAGGCTGGCGCGCATGCTC,PWS_G.10218,24862862.0,GGGCATGAGATAAGGGCAGT,0.987,0.062,70.0,98.3,1.0,True,True,True,0.156,ICR demethylation (Tet1) + minimal SNRPN activation (VP64) to reach dual-gene paternal-equivalent window,23,,,,,
Hybrid_Tet1_VP64,PWS_G.5691,24955036.0,GGTCAGTGACGCGATGGAGC,PWS_G.3437,24955035.0,CGGTCAGTGACGCGATGGAG,0.987,0.062,70.0,98.3,1.0,True,True,True,0.171,ICR demethylation (Tet1) + minimal SNRPN activation (VP64) to reach dual-gene paternal-equivalent window,26,,,,,
Hybrid_Tet1_VP64,PWS_G.5691,24955036.0,GGTCAGTGACGCGATGGAGC,PWS_G.8738,24862854.0,ACAGTTCAGGGCATGAGATA,0.987,0.062,70.0,98.3,1.0,True,True,True,0.152,ICR demethylation (Tet1) + minimal SNRPN activation (VP64) to reach dual-gene paternal-equivalent window,27,,,,,
Hybrid_Tet1_VP64,PWS_G.5691,24955036.0,GGTCAGTGACGCGATGGAGC,PWS_G.10218,24862862.0,GGGCATGAGATAAGGGCAGT,0.987,0.062,70.0,98.3,1.0,True,True,True,0.156,ICR demethylation (Tet1) + minimal SNRPN activation (VP64) to reach dual-gene paternal-equivalent window,28,,,,,
Hybrid_Tet1_VP64,PWS_G.5691,24955036.0,GGTCAGTGACGCGATGGAGC,PWS_G.4862,24917659.0,GCGCACTGCAGCGCAGACCA,0.987,0.062,70.0,98.3,1.0,True,True,True,0.153,ICR demethylation (Tet1) + minimal SNRPN activation (VP64) to reach dual-gene paternal-equivalent window,29,,,,,
Hybrid_Tet1_VP64,PWS_G.5691,24955036.0,GGTCAGTGACGCGATGGAGC,PWS_G.4662,24829544.0,GCAGCTCAGAAAGTGATGCA,0.987,0.062,70.0,98.3,1.0,True,True,True,0.152,ICR demethylation (Tet1) + minimal SNRPN activation (VP64) to reach dual-gene paternal-equivalent window,30,,,,,
Hybrid_Tet1_VP64,PWS_G.5691,24955036.0,GGTCAGTGACGCGATGGAGC,PWS_G.5117,24829662.0,GGAACCAGTCAGAACAGGTG,0.987,0.062,70.0,98.3,1.0,True,True,True,0.152,ICR demethylation (Tet1) + minimal SNRPN activation (VP64) to reach dual-gene paternal-equivalent window,31,,,,,
Hybrid_Tet1_VP64,PWS_G.5691,24955036.0,GGTCAGTGACGCGATGGAGC,PWS_G.6318,24829288.0,GTTTCAGGCCTGGACTGGGT,0.987,0.062,70.0,98.3,1.0,True,True,True,0.164,ICR demethylation (Tet1) + minimal SNRPN activation (VP64) to reach dual-gene paternal-equivalent window,32,,,,,
Hybrid_Tet1_VP64,PWS_G.1288,24955030.0,AGGAGCGGTCAGTGACGCGA,PWS_G.9414,24862855.0,CAGTTCAGGGCATGAGATAA,0.987,0.062,70.0,98.3,1.0,True,True,True,0.153,ICR demethylation (Tet1) + minimal SNRPN activation (VP64) to reach dual-gene paternal-equivalent window,33,,,,,
Hybrid_Tet1_VP64,PWS_G.6065,24955041.0,GTGACGCGATGGAGCGGGCA,PWS_G.6318,24829288.0,GTTTCAGGCCTGGACTGGGT,0.987,0.062,70.0,98.3,1.0,True,True,True,0.164,ICR demethylation (Tet1) + minimal SNRPN activation (VP64) to reach dual-gene paternal-equivalent window,34,,,,,
Hybrid_Tet1_VP64,PWS_G.6065,24955041.0,GTGACGCGATGGAGCGGGCA,PWS_G.4662,24829544.0,GCAGCTCAGAAAGTGATGCA,0.987,0.062,70.0,98.3,1.0,True,True,True,0.153,ICR demethylation (Tet1) + minimal SNRPN activation (VP64) to reach dual-gene paternal-equivalent window,35,,,,,
Hybrid_Tet1_VP64,PWS_G.6065,24955041.0,GTGACGCGATGGAGCGGGCA,PWS_G.5117,24829662.0,GGAACCAGTCAGAACAGGTG,0.987,0.062,70.0,98.3,1.0,True,True,True,0.153,ICR demethylation (Tet1) + minimal SNRPN activation (VP64) to reach dual-gene paternal-equivalent window,36,,,,,
Hybrid_Tet1_VP64,PWS_G.6065,24955041.0,GTGACGCGATGGAGCGGGCA,PWS_G.3437,24955035.0,CGGTCAGTGACGCGATGGAG,0.987,0.062,70.0,98.3,1.0,True,True,True,0.171,ICR demethylation (Tet1) + minimal SNRPN activation (VP64) to reach dual-gene paternal-equivalent window,37,,,,,
Hybrid_Tet1_VP64,PWS_G.6065,24955041.0,GTGACGCGATGGAGCGGGCA,PWS_G.4862,24917659.0,GCGCACTGCAGCGCAGACCA,0.987,0.062,70.0,98.3,1.0,True,True,True,0.153,ICR demethylation (Tet1) + minimal SNRPN activation (VP64) to reach dual-gene paternal-equivalent window,38,,,,,
Hybrid_Tet1_VP64,PWS_G.6065,24955041.0,GTGACGCGATGGAGCGGGCA,PWS_G.10218,24862862.0,GGGCATGAGATAAGGGCAGT,0.987,0.062,70.0,98.3,1.0,True,True,True,0.156,ICR demethylation (Tet1) + minimal SNRPN activation (VP64) to reach dual-gene paternal-equivalent window,39,,,,,
Hybrid_Tet1_VP64,PWS_G.6065,24955041.0,GTGACGCGATGGAGCGGGCA,PWS_G.8738,24862854.0,ACAGTTCAGGGCATGAGATA,0.987,0.062,70.0,98.3,1.0,True,True,True,0.153,ICR demethylation (Tet1) + minimal SNRPN activation (VP64) to reach dual-gene paternal-equivalent window,40,,,,,
Hybrid_Tet1_VP64,PWS_G.6065,24955041.0,GTGACGCGATGGAGCGGGCA,PWS_G.9414,24862855.0,CAGTTCAGGGCATGAGATAA,0.987,0.062,70.0,98.3,1.0,True,True,True,0.153,ICR demethylation (Tet1) + minimal SNRPN activation (VP64) to reach dual-gene paternal-equivalent window,41,,,,,
Hybrid_Tet1_VP64,PWS_G.4627,24954899.0,GCACGCCTGCGCGGCCGCAG,PWS_G.6318,24829288.0,GTTTCAGGCCTGGACTGGGT,0.987,0.062,70.0,98.3,1.0,True,True,True,0.164,ICR demethylation (Tet1) + minimal SNRPN activation (VP64) to reach dual-gene paternal-equivalent window,42,,,,,
Hybrid_Tet1_VP64,PWS_G.4627,24954899.0,GCACGCCTGCGCGGCCGCAG,PWS_G.4662,24829544.0,GCAGCTCAGAAAGTGATGCA,0.987,0.062,70.0,98.3,1.0,True,True,True,0.154,ICR demethylation (Tet1) + minimal SNRPN activation (VP64) to reach dual-gene paternal-equivalent window,43,,,,,
Hybrid_Tet1_VP64,PWS_G.4627,24954899.0,GCACGCCTGCGCGGCCGCAG,PWS_G.5117,24829662.0,GGAACCAGTCAGAACAGGTG,0.987,0.062,70.0,98.3,1.0,True,True,True,0.154,ICR demethylation (Tet1) + minimal SNRPN activation (VP64) to reach dual-gene paternal-equivalent window,44,,,,,
Hybrid_Tet1_VP64,PWS_G.4627,24954899.0,GCACGCCTGCGCGGCCGCAG,PWS_G.3437,24955035.0,CGGTCAGTGACGCGATGGAG,0.987,0.062,70.0,98.3,1.0,True,True,True,0.171,ICR demethylation (Tet1) + minimal SNRPN activation (VP64) to reach dual-gene paternal-equivalent window,45,,,,,
Hybrid_Tet1_VP64,PWS_G.4627,24954899.0,GCACGCCTGCGCGGCCGCAG,PWS_G.4862,24917659.0,GCGCACTGCAGCGCAGACCA,0.987,0.062,70.0,98.3,1.0,True,True,True,0.154,ICR demethylation (Tet1) + minimal SNRPN activation (VP64) to reach dual-gene paternal-equivalent window,46,,,,,
Hybrid_Tet1_VP64,PWS_G.4627,24954899.0,GCACGCCTGCGCGGCCGCAG,PWS_G.10218,24862862.0,GGGCATGAGATAAGGGCAGT,0.987,0.062,70.0,98.3,1.0,True,True,True,0.156,ICR demethylation (Tet1) + minimal SNRPN activation (VP64) to reach dual-gene paternal-equivalent window,47,,,,,
Hybrid_Tet1_VP64,PWS_G.4627,24954899.0,GCACGCCTGCGCGGCCGCAG,PWS_G.8738,24862854.0,ACAGTTCAGGGCATGAGATA,0.987,0.062,70.0,98.3,1.0,True,True,True,0.154,ICR demethylation (Tet1) + minimal SNRPN activation (VP64) to reach dual-gene paternal-equivalent window,48,,,,,
Hybrid_Tet1_VP64,PWS_G.4627,24954899.0,GCACGCCTGCGCGGCCGCAG,PWS_G.9414,24862855.0,CAGTTCAGGGCATGAGATAA,0.987,0.062,70.0,98.3,1.0,True,True,True,0.154,ICR demethylation (Tet1) + minimal SNRPN activation (VP64) to reach dual-gene paternal-equivalent window,49,,,,,
Hybrid_Tet1_VP64,PWS_G.2815,24954846.0,CCAGGTCATTCCGGTGAGGG,PWS_G.6318,24829288.0,GTTTCAGGCCTGGACTGGGT,0.987,0.062,70.0,98.3,1.0,True,True,True,0.164,ICR demethylation (Tet1) + minimal SNRPN activation (VP64) to reach dual-gene paternal-equivalent window,50,,,,,
Hybrid_Tet1_VP64,PWS_G.2815,24954846.0,CCAGGTCATTCCGGTGAGGG,PWS_G.4662,24829544.0,GCAGCTCAGAAAGTGATGCA,0.987,0.062,70.0,98.3,1.0,True,True,True,0.153,ICR demethylation (Tet1) + minimal SNRPN activation (VP64) to reach dual-gene paternal-equivalent window,51,,,,,
Hybrid_Tet1_VP64,PWS_G.2815,24954846.0,CCAGGTCATTCCGGTGAGGG,PWS_G.5117,24829662.0,GGAACCAGTCAGAACAGGTG,0.987,0.062,70.0,98.3,1.0,True,True,True,0.153,ICR demethylation (Tet1) + minimal SNRPN activation (VP64) to reach dual-gene paternal-equivalent window,52,,,,,
Hybrid_Tet1_VP64,PWS_G.2815,24954846.0,CCAGGTCATTCCGGTGAGGG,PWS_G.3437,24955035.0,CGGTCAGTGACGCGATGGAG,0.987,0.062,70.0,98.3,1.0,True,True,True,0.171,ICR demethylation (Tet1) + minimal SNRPN activation (VP64) to reach dual-gene paternal-equivalent window,53,,,,,
Hybrid_Tet1_VP64,PWS_G.2815,24954846.0,CCAGGTCATTCCGGTGAGGG,PWS_G.4862,24917659.0,GCGCACTGCAGCGCAGACCA,0.987,0.062,70.0,98.3,1.0,True,True,True,0.153,ICR demethylation (Tet1) + minimal SNRPN activation (VP64) to reach dual-gene paternal-equivalent window,54,,,,,
Hybrid_Tet1_VP64,PWS_G.2815,24954846.0,CCAGGTCATTCCGGTGAGGG,PWS_G.10218,24862862.0,GGGCATGAGATAAGGGCAGT,0.987,0.062,70.0,98.3,1.0,True,True,True,0.156,ICR demethylation (Tet1) + minimal SNRPN activation (VP64) to reach dual-gene paternal-equivalent window,55,,,,,
Hybrid_Tet1_VP64,PWS_G.2815,24954846.0,CCAGGTCATTCCGGTGAGGG,PWS_G.8738,24862854.0,ACAGTTCAGGGCATGAGATA,0.987,0.062,70.0,98.3,1.0,True,True,True,0.153,ICR demethylation (Tet1) + minimal SNRPN activation (VP64) to reach dual-gene paternal-equivalent window,56,,,,,
Hybrid_Tet1_VP64,PWS_G.2815,24954846.0,CCAGGTCATTCCGGTGAGGG,PWS_G.9414,24862855.0,CAGTTCAGGGCATGAGATAA,0.987,0.062,70.0,98.3,1.0,True,True,True,0.153,ICR demethylation (Tet1) + minimal SNRPN activation (VP64) to reach dual-gene paternal-equivalent window,57,,,,,
Hybrid_Tet1_VP64,PWS_G.5274,24954890.0,GGCAAACAAGCACGCCTGCG,PWS_G.9414,24862855.0,CAGTTCAGGGCATGAGATAA,0.987,0.062,70.0,98.3,1.0,True,True,True,0.155,ICR demethylation (Tet1) + minimal SNRPN activation (VP64) to reach dual-gene paternal-equivalent window,58,,,,,
Hybrid_Tet1_VP64,PWS_G.5274,24954890.0,GGCAAACAAGCACGCCTGCG,PWS_G.8738,24862854.0,ACAGTTCAGGGCATGAGATA,0.987,0.062,70.0,98.3,1.0,True,True,True,0.155,ICR demethylation (Tet1) + minimal SNRPN activation (VP64) to reach dual-gene paternal-equivalent window,59,,,,,
Hybrid_Tet1_VP64,PWS_G.5274,24954890.0,GGCAAACAAGCACGCCTGCG,PWS_G.10218,24862862.0,GGGCATGAGATAAGGGCAGT,0.987,0.062,70.0,98.3,1.0,True,True,True,0.156,ICR demethylation (Tet1) + minimal SNRPN activation (VP64) to reach dual-gene paternal-equivalent window,60,,,,,
Hybrid_Tet1_VP64,PWS_G.5274,24954890.0,GGCAAACAAGCACGCCTGCG,PWS_G.4862,24917659.0,GCGCACTGCAGCGCAGACCA,0.987,0.062,70.0,98.3,1.0,True,True,True,0.155,ICR demethylation (Tet1) + minimal SNRPN activation (VP64) to reach dual-gene paternal-equivalent window,61,,,,,
Hybrid_Tet1_VP64,PWS_G.5274,24954890.0,GGCAAACAAGCACGCCTGCG,PWS_G.3437,24955035.0,CGGTCAGTGACGCGATGGAG,0.987,0.062,70.0,98.3,1.0,True,True,True,0.171,ICR demethylation (Tet1) + minimal SNRPN activation (VP64) to reach dual-gene paternal-equivalent window,62,,,,,
Hybrid_Tet1_VP64,PWS_G.5274,24954890.0,GGCAAACAAGCACGCCTGCG,PWS_G.5117,24829662.0,GGAACCAGTCAGAACAGGTG,0.987,0.062,70.0,98.3,1.0,True,True,True,0.155,ICR demethylation (Tet1) + minimal SNRPN activation (VP64) to reach dual-gene paternal-equivalent window,63,,,,,
Hybrid_Tet1_VP64,PWS_G.5274,24954890.0,GGCAAACAAGCACGCCTGCG,PWS_G.4662,24829544.0,GCAGCTCAGAAAGTGATGCA,0.987,0.062,70.0,98.3,1.0,True,True,True,0.155,ICR demethylation (Tet1) + minimal SNRPN activation (VP64) to reach dual-gene paternal-equivalent window,64,,,,,
Hybrid_Tet1_VP64,PWS_G.5274,24954890.0,GGCAAACAAGCACGCCTGCG,PWS_G.6318,24829288.0,GTTTCAGGCCTGGACTGGGT,0.987,0.062,70.0,98.3,1.0,True,True,True,0.164,ICR demethylation (Tet1) + minimal SNRPN activation (VP64) to reach dual-gene paternal-equivalent window,65,,,,,
Hybrid_Tet1_VP64,PWS_G.4521,24955004.0,GATGCGTCAGGCATCTCCGG,PWS_G.9414,24862855.0,CAGTTCAGGGCATGAGATAA,0.987,0.062,70.0,98.3,1.0,True,True,True,0.155,ICR demethylation (Tet1) + minimal SNRPN activation (VP64) to reach dual-gene paternal-equivalent window,66,,,,,
Hybrid_Tet1_VP64,PWS_G.4521,24955004.0,GATGCGTCAGGCATCTCCGG,PWS_G.8738,24862854.0,ACAGTTCAGGGCATGAGATA,0.987,0.062,70.0,98.3,1.0,True,True,True,0.155,ICR demethylation (Tet1) + minimal SNRPN activation (VP64) to reach dual-gene paternal-equivalent window,67,,,,,
Hybrid_Tet1_VP64,PWS_G.4521,24955004.0,GATGCGTCAGGCATCTCCGG,PWS_G.10218,24862862.0,GGGCATGAGATAAGGGCAGT,0.987,0.062,70.0,98.3,1.0,True,True,True,0.156,ICR demethylation (Tet1) + minimal SNRPN activation (VP64) to reach dual-gene paternal-equivalent window,68,,,,,
Hybrid_Tet1_VP64,PWS_G.4521,24955004.0,GATGCGTCAGGCATCTCCGG,PWS_G.4862,24917659.0,GCGCACTGCAGCGCAGACCA,0.987,0.062,70.0,98.3,1.0,True,True,True,0.155,ICR demethylation (Tet1) + minimal SNRPN activation (VP64) to reach dual-gene paternal-equivalent window,69,,,,,
Hybrid_Tet1_VP64,PWS_G.4521,24955004.0,GATGCGTCAGGCATCTCCGG,PWS_G.3437,24955035.0,CGGTCAGTGACGCGATGGAG,0.987,0.062,70.0,98.3,1.0,True,True,True,0.171,ICR demethylation (Tet1) + minimal SNRPN activation (VP64) to reach dual-gene paternal-equivalent window,70,,,,,
Hybrid_Tet1_VP64,PWS_G.4521,24955004.0,GATGCGTCAGGCATCTCCGG,PWS_G.5117,24829662.0,GGAACCAGTCAGAACAGGTG,0.987,0.062,70.0,98.3,1.0,True,True,True,0.155,ICR demethylation (Tet1) + minimal SNRPN activation (VP64) to reach dual-gene paternal-equivalent window,71,,,,,
Hybrid_Tet1_VP64,PWS_G.4521,24955004.0,GATGCGTCAGGCATCTCCGG,PWS_G.4662,24829544.0,GCAGCTCAGAAAGTGATGCA,0.987,0.062,70.0,98.3,1.0,True,True,True,0.155,ICR demethylation (Tet1) + minimal SNRPN activation (VP64) to reach dual-gene paternal-equivalent window,72,,,,,
Hybrid_Tet1_VP64,PWS_G.4521,24955004.0,GATGCGTCAGGCATCTCCGG,PWS_G.6318,24829288.0,GTTTCAGGCCTGGACTGGGT,0.987,0.062,70.0,98.3,1.0,True,True,True,0.164,ICR demethylation (Tet1) + minimal SNRPN activation (VP64) to reach dual-gene paternal-equivalent window,73,,,,,
Hybrid_Tet1_VP64,PWS_G.3858,24955292.0,CTGTCGCGACACCACAGTTG,PWS_G.9414,24862855.0,CAGTTCAGGGCATGAGATAA,0.987,0.062,70.0,98.3,1.0,True,True,True,0.151,ICR demethylation (Tet1) + minimal SNRPN activation (VP64) to reach dual-gene paternal-equivalent window,74,,,,,
Hybrid_Tet1_VP64,PWS_G.3858,24955292.0,CTGTCGCGACACCACAGTTG,PWS_G.8738,24862854.0,ACAGTTCAGGGCATGAGATA,0.987,0.062,70.0,98.3,1.0,True,True,True,0.151,ICR demethylation (Tet1) + minimal SNRPN activation (VP64) to reach dual-gene paternal-equivalent window,75,,,,,
Hybrid_Tet1_VP64,PWS_G.3858,24955292.0,CTGTCGCGACACCACAGTTG,PWS_G.10218,24862862.0,GGGCATGAGATAAGGGCAGT,0.987,0.062,70.0,98.3,1.0,True,True,True,0.156,ICR demethylation (Tet1) + minimal SNRPN activation (VP64) to reach dual-gene paternal-equivalent window,76,,,,,
Hybrid_Tet1_VP64,PWS_G.3858,24955292.0,CTGTCGCGACACCACAGTTG,PWS_G.4862,24917659.0,GCGCACTGCAGCGCAGACCA,0.987,0.062,70.0,98.3,1.0,True,True,True,0.153,ICR demethylation (Tet1) + minimal SNRPN activation (VP64) to reach dual-gene paternal-equivalent window,77,,,,,
Hybrid_Tet1_VP64,PWS_G.3858,24955292.0,CTGTCGCGACACCACAGTTG,PWS_G.3437,24955035.0,CGGTCAGTGACGCGATGGAG,0.987,0.062,70.0,98.3,1.0,True,True,True,0.171,ICR demethylation (Tet1) + minimal SNRPN activation (VP64) to reach dual-gene paternal-equivalent window,78,,,,,
Hybrid_Tet1_VP64,PWS_G.3858,24955292.0,CTGTCGCGACACCACAGTTG,PWS_G.5117,24829662.0,GGAACCAGTCAGAACAGGTG,0.987,0.062,70.0,98.3,1.0,True,True,True,0.151,ICR demethylation (Tet1) + minimal SNRPN activation (VP64) to reach dual-gene paternal-equivalent window,79,,,,,
Hybrid_Tet1_VP64,PWS_G.3858,24955292.0,CTGTCGCGACACCACAGTTG,PWS_G.4662,24829544.0,GCAGCTCAGAAAGTGATGCA,0.987,0.062,70.0,98.3,1.0,True,True,True,0.151,ICR demethylation (Tet1) + minimal SNRPN activation (VP64) to reach dual-gene paternal-equivalent window,80,,,,,
Hybrid_Tet1_VP64,PWS_G.3858,24955292.0,CTGTCGCGACACCACAGTTG,PWS_G.6318,24829288.0,GTTTCAGGCCTGGACTGGGT,0.987,0.062,70.0,98.3,1.0,True,True,True,0.164,ICR demethylation (Tet1) + minimal SNRPN activation (VP64) to reach dual-gene paternal-equivalent window,81,,,,,
Hybrid_Tet1_VP64,PWS_G.5029,24954925.0,GCTGGCGCGCATGCTCAGGC,PWS_G.9414,24862855.0,CAGTTCAGGGCATGAGATAA,0.987,0.062,70.0,98.3,1.0,True,True,True,0.156,ICR demethylation (Tet1) + minimal SNRPN activation (VP64) to reach dual-gene paternal-equivalent window,82,,,,,
Hybrid_Tet1_VP64,PWS_G.1288,24955030.0,AGGAGCGGTCAGTGACGCGA,PWS_G.8738,24862854.0,ACAGTTCAGGGCATGAGATA,0.987,0.062,70.0,98.3,1.0,True,True,True,0.153,ICR demethylation (Tet1) + minimal SNRPN activation (VP64) to reach dual-gene paternal-equivalent window,83,,,,,
Hybrid_Tet1_VP64,PWS_G.1288,24955030.0,AGGAGCGGTCAGTGACGCGA,PWS_G.10218,24862862.0,GGGCATGAGATAAGGGCAGT,0.987,0.062,70.0,98.3,1.0,True,True,True,0.156,ICR demethylation (Tet1) + minimal SNRPN activation (VP64) to reach dual-gene paternal-equivalent window,84,,,,,
Hybrid_Tet1_VP64,PWS_G.1288,24955030.0,AGGAGCGGTCAGTGACGCGA,PWS_G.4862,24917659.0,GCGCACTGCAGCGCAGACCA,0.987,0.062,70.0,98.3,1.0,True,True,True,0.153,ICR demethylation (Tet1) + minimal SNRPN activation (VP64) to reach dual-gene paternal-equivalent window,85,,,,,
Hybrid_Tet1_VP64,PWS_G.1288,24955030.0,AGGAGCGGTCAGTGACGCGA,PWS_G.3437,24955035.0,CGGTCAGTGACGCGATGGAG,0.987,0.062,70.0,98.3,1.0,True,True,True,0.171,ICR demethylation (Tet1) + minimal SNRPN activation (VP64) to reach dual-gene paternal-equivalent window,86,,,,,
Hybrid_Tet1_VP64,PWS_G.1288,24955030.0,AGGAGCGGTCAGTGACGCGA,PWS_G.5117,24829662.0,GGAACCAGTCAGAACAGGTG,0.987,0.062,70.0,98.3,1.0,True,True,True,0.153,ICR demethylation (Tet1) + minimal SNRPN activation (VP64) to reach dual-gene paternal-equivalent window,87,,,,,
Hybrid_Tet1_VP64,PWS_G.1288,24955030.0,AGGAGCGGTCAGTGACGCGA,PWS_G.4662,24829544.0,GCAGCTCAGAAAGTGATGCA,0.987,0.062,70.0,98.3,1.0,True,True,True,0.153,ICR demethylation (Tet1) + minimal SNRPN activation (VP64) to reach dual-gene paternal-equivalent window,88,,,,,
Hybrid_Tet1_VP64,PWS_G.1288,24955030.0,AGGAGCGGTCAGTGACGCGA,PWS_G.6318,24829288.0,GTTTCAGGCCTGGACTGGGT,0.987,0.062,70.0,98.3,1.0,True,True,True,0.164,ICR demethylation (Tet1) + minimal SNRPN activation (VP64) to reach dual-gene paternal-equivalent window,89,,,,,
Hybrid_Tet1_VP64,PWS_G.5029,24954925.0,GCTGGCGCGCATGCTCAGGC,PWS_G.3437,24955035.0,CGGTCAGTGACGCGATGGAG,0.987,0.062,70.0,98.3,1.0,True,True,True,0.171,ICR demethylation (Tet1) + minimal SNRPN activation (VP64) to reach dual-gene paternal-equivalent window,90,,,,,
Hybrid_Tet1_VP64,PWS_G.5029,24954925.0,GCTGGCGCGCATGCTCAGGC,PWS_G.8738,24862854.0,ACAGTTCAGGGCATGAGATA,0.987,0.062,70.0,98.3,1.0,True,True,True,0.156,ICR demethylation (Tet1) + minimal SNRPN activation (VP64) to reach dual-gene paternal-equivalent window,91,,,,,
Hybrid_Tet1_VP64,PWS_G.5029,24954925.0,GCTGGCGCGCATGCTCAGGC,PWS_G.10218,24862862.0,GGGCATGAGATAAGGGCAGT,0.987,0.062,70.0,98.3,1.0,True,True,True,0.156,ICR demethylation (Tet1) + minimal SNRPN activation (VP64) to reach dual-gene paternal-equivalent window,92,,,,,
Hybrid_Tet1_VP64,PWS_G.5029,24954925.0,GCTGGCGCGCATGCTCAGGC,PWS_G.4862,24917659.0,GCGCACTGCAGCGCAGACCA,0.987,0.062,70.0,98.3,1.0,True,True,True,0.156,ICR demethylation (Tet1) + minimal SNRPN activation (VP64) to reach dual-gene paternal-equivalent window,93,,,,,
Hybrid_Tet1_VP64,PWS_G.5029,24954925.0,GCTGGCGCGCATGCTCAGGC,PWS_G.4662,24829544.0,GCAGCTCAGAAAGTGATGCA,0.987,0.062,70.0,98.3,1.0,True,True,True,0.156,ICR demethylation (Tet1) + minimal SNRPN activation (VP64) to reach dual-gene paternal-equivalent window,94,,,,,
Hybrid_Tet1_VP64,PWS_G.5029,24954925.0,GCTGGCGCGCATGCTCAGGC,PWS_G.5117,24829662.0,GGAACCAGTCAGAACAGGTG,0.987,0.062,70.0,98.3,1.0,True,True,True,0.156,ICR demethylation (Tet1) + minimal SNRPN activation (VP64) to reach dual-gene paternal-equivalent window,95,,,,,
Hybrid_Tet1_VP64,PWS_G.5029,24954925.0,GCTGGCGCGCATGCTCAGGC,PWS_G.6318,24829288.0,GTTTCAGGCCTGGACTGGGT,0.987,0.062,70.0,98.3,1.0,True,True,True,0.164,ICR demethylation (Tet1) + minimal SNRPN activation (VP64) to reach dual-gene paternal-equivalent window,96,,,,,
Tet1_monotherapy,PWS_G.3437,24955035.0,CGGTCAGTGACGCGATGGAG,,,,1.0,0.0,52.3,99.6,0.8738,False,True,False,0.126,ICR demethylation restores SNHG14; SNRPN partial (~52% WT at full dose),97,,,,,
Tet1_monotherapy,PWS_G.5274,24954890.0,GGCAAACAAGCACGCCTGCG,,,,1.0,0.0,52.3,99.6,0.8738,False,True,False,0.129,ICR demethylation restores SNHG14; SNRPN partial (~52% WT at full dose),98,,,,,
Tet1_monotherapy,PWS_G.5452,24954924.0,GGCTGGCGCGCATGCTCAGG,,,,1.0,0.0,52.3,99.6,0.8738,False,True,False,0.128,ICR demethylation restores SNHG14; SNRPN partial (~52% WT at full dose),99,,,,,
Tet1_monotherapy,PWS_G.5691,24955036.0,GGTCAGTGACGCGATGGAGC,,,,1.0,0.0,52.3,99.6,0.8738,False,True,False,0.127,ICR demethylation restores SNHG14; SNRPN partial (~52% WT at full dose),100,,,,,
Tet1_monotherapy,PWS_G.2815,24954846.0,CCAGGTCATTCCGGTGAGGG,,,,1.0,0.0,52.3,99.6,0.8738,False,True,False,0.128,ICR demethylation restores SNHG14; SNRPN partial (~52% WT at full dose),101,,,,,
Tet1_monotherapy,PWS_G.4627,24954899.0,GCACGCCTGCGCGGCCGCAG,,,,1.0,0.0,52.3,99.6,0.8738,False,True,False,0.129,ICR demethylation restores SNHG14; SNRPN partial (~52% WT at full dose),102,,,,,
Tet1_monotherapy,PWS_G.6065,24955041.0,GTGACGCGATGGAGCGGGCA,,,,1.0,0.0,52.3,99.6,0.8738,False,True,False,0.127,ICR demethylation restores SNHG14; SNRPN partial (~52% WT at full dose),103,,,,,
Tet1_monotherapy,PWS_G.1288,24955030.0,AGGAGCGGTCAGTGACGCGA,,,,1.0,0.0,52.3,99.6,0.8738,False,True,False,0.128,ICR demethylation restores SNHG14; SNRPN partial (~52% WT at full dose),104,,,,,
Tet1_monotherapy,PWS_G.7440,24954963.0,TGCCGCTGCTGCAGCGAGTC,,,,1.0,0.0,52.3,99.6,0.8738,False,True,False,0.13,ICR demethylation restores SNHG14; SNRPN partial (~52% WT at full dose),106,,,,,
Tet1_monotherapy,PWS_G.595,24955007.0,ACAGATGCGTCAGGCATCTC,,,,1.0,0.0,52.3,99.6,0.8738,False,True,False,0.129,ICR demethylation restores SNHG14; SNRPN partial (~52% WT at full dose),107,,,,,
Tet1_monotherapy,PWS_G.4521,24955004.0,GATGCGTCAGGCATCTCCGG,,,,1.0,0.0,52.3,99.6,0.8738,False,True,False,0.129,ICR demethylation restores SNHG14; SNRPN partial (~52% WT at full dose),108,,,,,
Tet1_monotherapy,PWS_G.3858,24955292.0,CTGTCGCGACACCACAGTTG,,,,1.0,0.0,52.3,99.6,0.8738,False,True,False,0.126,ICR demethylation restores SNHG14; SNRPN partial (~52% WT at full dose),109,,,,,
Tet1_monotherapy,PWS_G.5029,24954925.0,GCTGGCGCGCATGCTCAGGC,,,,1.0,0.0,52.3,99.6,0.8738,False,True,False,0.13,ICR demethylation restores SNHG14; SNRPN partial (~52% WT at full dose),110,,,,,
Tet1_monotherapy,PWS_G.1867,24955010.0,ATGCCTGACGCATCTGTCTG,,,,1.0,0.0,52.3,99.6,0.8738,False,True,False,0.129,ICR demethylation restores SNHG14; SNRPN partial (~52% WT at full dose),111,,,,,
VP64_monotherapy,,,,PWS_G.10218,24862862.0,GGGCATGAGATAAGGGCAGT,0.0,0.331,70.0,0.0,0.4967,False,False,False,0.18,SNRPN promoter activation; SNHG14 not rescued; SNRPN overshoot risk,112,,,,,
VP64_monotherapy,,,,PWS_G.4862,24917659.0,GCGCACTGCAGCGCAGACCA,0.0,0.331,70.0,0.0,0.4967,False,False,False,0.178,SNRPN promoter activation; SNHG14 not rescued; SNRPN overshoot risk,113,,,,,
VP64_monotherapy,,,,PWS_G.4695,24829543.0,GCATCACTTTCTGAGCTGCC,0.0,0.331,70.0,0.0,0.4967,False,False,False,0.193,SNRPN promoter activation; SNHG14 not rescued; SNRPN overshoot risk,114,,,,,
VP64_monotherapy,,,,PWS_G.1569,24829287.0,AGTTTCAGGCCTGGACTGGG,0.0,0.331,70.0,0.0,0.4967,False,False,False,0.194,SNRPN promoter activation; SNHG14 not rescued; SNRPN overshoot risk,115,,,,,
VP64_monotherapy,,,,PWS_G.3437,24955035.0,CGGTCAGTGACGCGATGGAG,0.0,0.331,70.0,0.0,0.4967,False,False,False,0.192,SNRPN promoter activation; SNHG14 not rescued; SNRPN overshoot risk,116,,,,,
VP64_monotherapy,,,,PWS_G.5117,24829662.0,GGAACCAGTCAGAACAGGTG,0.0,0.331,70.0,0.0,0.4967,False,False,False,0.164,SNRPN promoter activation; SNHG14 not rescued; SNRPN overshoot risk,117,,,,,
VP64_monotherapy,,,,PWS_G.4662,24829544.0,GCAGCTCAGAAAGTGATGCA,0.0,0.331,70.0,0.0,0.4967,False,False,False,0.164,SNRPN promoter activation; SNHG14 not rescued; SNRPN overshoot risk,118,,,,,
VP64_monotherapy,,,,PWS_G.6318,24829288.0,GTTTCAGGCCTGGACTGGGT,0.0,0.331,70.0,0.0,0.4967,False,False,False,0.187,SNRPN promoter activation; SNHG14 not rescued; SNRPN overshoot risk,119,,,,,
VP64_monotherapy,,,,PWS_G.9414,24862855.0,CAGTTCAGGGCATGAGATAA,0.0,0.331,70.0,0.0,0.4967,False,False,False,0.155,SNRPN promoter activation; SNHG14 not rescued; SNRPN overshoot risk,120,,,,,
VP64_monotherapy,,,,PWS_G.8738,24862854.0,ACAGTTCAGGGCATGAGATA,0.0,0.331,70.0,0.0,0.4967,False,False,False,0.155,SNRPN promoter activation; SNHG14 not rescued; SNRPN overshoot risk,121,,,,,
