catalog_rank,strategy,tet1_grna_id,tet1_protospacer,tet1_hg38_start,vp64_grna_id,vp64_protospacer,vp64_hg38_start,recommended_w_tet1,recommended_w_vp64,predicted_SNRPN_pct_WT,predicted_SNHG14_pct_WT,both_in_target_window,objective_score,uncertainty,genome_offtarget_risk,score_lower_bound,score_upper_bound,experimental_evidence,validation_priority,organoid_support,collateral_risk
1,Hybrid_Tet1_VP64,PWS_G.4670,GCAGGCTGGCGCGCATGCTC,24954921.0,PWS_G.9414,CAGTTCAGGGCATGAGATAA,24862855.0,0.987,0.062,70.0,98.3,True,1.0,0.147,2.625,,,top_Tet1_sublib_hit_Rohm2025;top_VP64_SNRPN_promoter_Rohm2025,2,GSE262700_Tet1_class_reactivation,low_ICR_targeted
2,Hybrid_Tet1_VP64,PWS_G.3437,CGGTCAGTGACGCGATGGAG,24955035.0,PWS_G.9414,CAGTTCAGGGCATGAGATAA,24862855.0,0.987,0.062,70.0,98.3,True,1.0,0.151,2.625,,,top_VP64_SNRPN_promoter_Rohm2025,2,GSE262700_Tet1_class_reactivation,low_ICR_targeted
3,Hybrid_Tet1_VP64,PWS_G.3858,CTGTCGCGACACCACAGTTG,24955292.0,PWS_G.9414,CAGTTCAGGGCATGAGATAA,24862855.0,0.987,0.062,70.0,98.3,True,1.0,0.151,2.625,,,top_VP64_SNRPN_promoter_Rohm2025,2,GSE262700_Tet1_class_reactivation,low_ICR_targeted
4,Hybrid_Tet1_VP64,PWS_G.5691,GGTCAGTGACGCGATGGAGC,24955036.0,PWS_G.9414,CAGTTCAGGGCATGAGATAA,24862855.0,0.987,0.062,70.0,98.3,True,1.0,0.152,2.625,,,top_VP64_SNRPN_promoter_Rohm2025,2,GSE262700_Tet1_class_reactivation,low_ICR_targeted
5,Hybrid_Tet1_VP64,PWS_G.5452,GGCTGGCGCGCATGCTCAGG,24954924.0,PWS_G.9414,CAGTTCAGGGCATGAGATAA,24862855.0,0.987,0.062,70.0,98.3,True,1.0,0.153,2.625,,,top_VP64_SNRPN_promoter_Rohm2025,2,GSE262700_Tet1_class_reactivation,low_ICR_targeted
6,Hybrid_Tet1_VP64,PWS_G.1288,AGGAGCGGTCAGTGACGCGA,24955030.0,PWS_G.9414,CAGTTCAGGGCATGAGATAA,24862855.0,0.987,0.062,70.0,98.3,True,1.0,0.153,2.625,,,top_VP64_SNRPN_promoter_Rohm2025,2,GSE262700_Tet1_class_reactivation,low_ICR_targeted
7,Hybrid_Tet1_VP64,PWS_G.2815,CCAGGTCATTCCGGTGAGGG,24954846.0,PWS_G.9414,CAGTTCAGGGCATGAGATAA,24862855.0,0.987,0.062,70.0,98.3,True,1.0,0.153,2.625,,,top_VP64_SNRPN_promoter_Rohm2025,2,GSE262700_Tet1_class_reactivation,low_ICR_targeted
8,Hybrid_Tet1_VP64,PWS_G.5274,GGCAAACAAGCACGCCTGCG,24954890.0,PWS_G.9414,CAGTTCAGGGCATGAGATAA,24862855.0,0.987,0.062,70.0,98.3,True,1.0,0.155,2.625,,,top_VP64_SNRPN_promoter_Rohm2025,2,GSE262700_Tet1_class_reactivation,low_ICR_targeted
9,Hybrid_Tet1_VP64,PWS_G.4521,GATGCGTCAGGCATCTCCGG,24955004.0,PWS_G.9414,CAGTTCAGGGCATGAGATAA,24862855.0,0.987,0.062,70.0,98.3,True,1.0,0.155,2.625,,,top_VP64_SNRPN_promoter_Rohm2025,2,GSE262700_Tet1_class_reactivation,low_ICR_targeted
10,Hybrid_Tet1_VP64,PWS_G.6065,GTGACGCGATGGAGCGGGCA,24955041.0,PWS_G.9414,CAGTTCAGGGCATGAGATAA,24862855.0,0.987,0.062,70.0,98.3,True,1.0,0.153,2.75,,,top_VP64_SNRPN_promoter_Rohm2025,2,GSE262700_Tet1_class_reactivation,low_ICR_targeted
11,Hybrid_Tet1_VP64,PWS_G.5029,GCTGGCGCGCATGCTCAGGC,24954925.0,PWS_G.9414,CAGTTCAGGGCATGAGATAA,24862855.0,0.987,0.062,70.0,98.3,True,1.0,0.156,2.75,,,top_VP64_SNRPN_promoter_Rohm2025,2,GSE262700_Tet1_class_reactivation,low_ICR_targeted
12,Hybrid_Tet1_VP64,PWS_G.4627,GCACGCCTGCGCGGCCGCAG,24954899.0,PWS_G.9414,CAGTTCAGGGCATGAGATAA,24862855.0,0.987,0.062,70.0,98.3,True,1.0,0.154,3.0,,,top_VP64_SNRPN_promoter_Rohm2025,2,GSE262700_Tet1_class_reactivation,low_ICR_targeted
13,Hybrid_Tet1_VP64,PWS_G.4670,GCAGGCTGGCGCGCATGCTC,24954921.0,PWS_G.8738,ACAGTTCAGGGCATGAGATA,24862854.0,0.987,0.062,70.0,98.3,True,1.0,0.147,2.438,,,top_Tet1_sublib_hit_Rohm2025;top_VP64_SNRPN_promoter_Rohm2025,2,GSE262700_Tet1_class_reactivation,low_ICR_targeted
14,Hybrid_Tet1_VP64,PWS_G.4670,GCAGGCTGGCGCGCATGCTC,24954921.0,PWS_G.3437,CGGTCAGTGACGCGATGGAG,24955035.0,0.987,0.062,70.0,98.3,True,1.0,0.171,1.438,,,top_Tet1_sublib_hit_Rohm2025,2,GSE262700_Tet1_class_reactivation,low_ICR_targeted
15,Hybrid_Tet1_VP64,PWS_G.4670,GCAGGCTGGCGCGCATGCTC,24954921.0,PWS_G.4862,GCGCACTGCAGCGCAGACCA,24917659.0,0.987,0.062,70.0,98.3,True,1.0,0.153,1.938,,,top_Tet1_sublib_hit_Rohm2025,2,GSE262700_Tet1_class_reactivation,low_ICR_targeted
16,Hybrid_Tet1_VP64,PWS_G.4670,GCAGGCTGGCGCGCATGCTC,24954921.0,PWS_G.5117,GGAACCAGTCAGAACAGGTG,24829662.0,0.987,0.062,70.0,98.3,True,1.0,0.147,3.125,,,top_Tet1_sublib_hit_Rohm2025,2,GSE262700_Tet1_class_reactivation,low_ICR_targeted
17,Hybrid_Tet1_VP64,PWS_G.4670,GCAGGCTGGCGCGCATGCTC,24954921.0,PWS_G.10218,GGGCATGAGATAAGGGCAGT,24862862.0,0.987,0.062,70.0,98.3,True,1.0,0.156,3.312,,,top_Tet1_sublib_hit_Rohm2025,2,GSE262700_Tet1_class_reactivation,low_ICR_targeted
18,Hybrid_Tet1_VP64,PWS_G.4670,GCAGGCTGGCGCGCATGCTC,24954921.0,PWS_G.4662,GCAGCTCAGAAAGTGATGCA,24829544.0,0.987,0.062,70.0,98.3,True,1.0,0.147,3.75,,,top_Tet1_sublib_hit_Rohm2025,2,GSE262700_Tet1_class_reactivation,low_ICR_targeted
19,Hybrid_Tet1_VP64,PWS_G.4670,GCAGGCTGGCGCGCATGCTC,24954921.0,PWS_G.6318,GTTTCAGGCCTGGACTGGGT,24829288.0,0.987,0.062,70.0,98.3,True,1.0,0.164,3.938,,,top_Tet1_sublib_hit_Rohm2025,2,GSE262700_Tet1_class_reactivation,low_ICR_targeted
20,Tet1_monotherapy,PWS_G.4670,GCAGGCTGGCGCGCATGCTC,24954921.0,,,,1.0,0.0,52.3,99.6,False,0.8738,0.122,1.438,,,top_Tet1_sublib_hit_Rohm2025,2,GSE262700_Tet1_class_reactivation,low_ICR_targeted
21,Hybrid_Tet1_VP64,PWS_G.3437,CGGTCAGTGACGCGATGGAG,24955035.0,PWS_G.8738,ACAGTTCAGGGCATGAGATA,24862854.0,0.987,0.062,70.0,98.3,True,1.0,0.151,2.438,,,top_VP64_SNRPN_promoter_Rohm2025,1,GSE262700_Tet1_class_reactivation,low_ICR_targeted
22,Hybrid_Tet1_VP64,PWS_G.3858,CTGTCGCGACACCACAGTTG,24955292.0,PWS_G.8738,ACAGTTCAGGGCATGAGATA,24862854.0,0.987,0.062,70.0,98.3,True,1.0,0.151,2.438,,,top_VP64_SNRPN_promoter_Rohm2025,1,GSE262700_Tet1_class_reactivation,low_ICR_targeted
23,Hybrid_Tet1_VP64,PWS_G.5691,GGTCAGTGACGCGATGGAGC,24955036.0,PWS_G.8738,ACAGTTCAGGGCATGAGATA,24862854.0,0.987,0.062,70.0,98.3,True,1.0,0.152,2.438,,,top_VP64_SNRPN_promoter_Rohm2025,1,GSE262700_Tet1_class_reactivation,low_ICR_targeted
24,Hybrid_Tet1_VP64,PWS_G.5452,GGCTGGCGCGCATGCTCAGG,24954924.0,PWS_G.8738,ACAGTTCAGGGCATGAGATA,24862854.0,0.987,0.062,70.0,98.3,True,1.0,0.153,2.438,,,top_VP64_SNRPN_promoter_Rohm2025,1,GSE262700_Tet1_class_reactivation,low_ICR_targeted
25,Hybrid_Tet1_VP64,PWS_G.2815,CCAGGTCATTCCGGTGAGGG,24954846.0,PWS_G.8738,ACAGTTCAGGGCATGAGATA,24862854.0,0.987,0.062,70.0,98.3,True,1.0,0.153,2.438,,,top_VP64_SNRPN_promoter_Rohm2025,1,GSE262700_Tet1_class_reactivation,low_ICR_targeted
